# WaveFront *.obj file (generated by Autodesk ATF)

mtllib nv-3d.mtl

g Body1

v -0.344769 -0.009888 0.000000
v -0.360635 -0.005269 0.000000
v -0.370195 -0.003124 0.000000
v -0.374559 -0.001670 0.000000
v -0.378232 0.000280 0.000000
v -0.379732 0.001500 0.000000
v -0.380978 0.002910 0.000000
v -0.381957 0.004533 0.000000
v -0.382661 0.006384 0.000000
v -0.383086 0.008482 0.000000
v -0.383232 0.010840 0.000000
v -0.382690 0.016379 0.000000
v -0.378385 0.030896 0.000000
v -0.370000 0.050000 0.000000
v -0.370000 0.050000 0.100000
v -0.378385 0.030896 0.100000
v -0.382690 0.016379 0.100000
v -0.383232 0.010840 0.100000
v -0.383086 0.008482 0.100000
v -0.382661 0.006384 0.100000
v -0.381957 0.004533 0.100000
v -0.380978 0.002910 0.100000
v -0.379732 0.001500 0.100000
v -0.378232 0.000280 0.100000
v -0.374559 -0.001670 0.100000
v -0.370195 -0.003124 0.100000
v -0.360635 -0.005269 0.100000
v -0.344769 -0.009888 0.100000
v -0.136764 -0.071278 0.000000
v -0.136764 -0.071278 0.100000
v 0.025782 0.310000 0.000000
v 0.041021 0.309869 0.000000
v 0.046293 0.310001 0.000000
v 0.048446 0.309874 0.000000
v 0.050353 0.309448 0.000000
v 0.051234 0.309078 0.000000
v 0.052077 0.308581 0.000000
v 0.053676 0.307148 0.000000
v 0.055188 0.305071 0.000000
v 0.056625 0.302340 0.000000
v 0.059179 0.295201 0.000000
v 0.060970 0.286588 0.000000
v 0.061558 0.277167 0.000000
v 0.060662 0.266671 0.000000
v 0.058187 0.254005 0.000000
v 0.054112 0.237848 0.000000
v 0.048384 0.217276 0.000000
v 0.040869 0.192098 0.000000
v 0.031423 0.162788 0.000000
v 0.019963 0.130335 0.000000
v -0.008481 0.061643 0.000000
v -0.024543 0.028634 0.000000
v -0.040689 -0.001354 0.000000
v -0.055834 -0.026970 0.000000
v -0.068966 -0.047255 0.000000
v -0.079376 -0.061802 0.000000
v -0.086882 -0.070923 0.000000
v -0.092025 -0.075773 0.000000
v -0.095934 -0.078056 0.000000
v -0.099838 -0.079261 0.000000
v -0.104583 -0.079978 0.000000
v -0.110556 -0.079956 0.000000
v -0.117888 -0.078686 0.000000
v -0.117888 -0.078686 0.100000
v -0.110556 -0.079956 0.100000
v -0.104583 -0.079978 0.100000
v -0.099838 -0.079261 0.100000
v -0.095934 -0.078056 0.100000
v -0.092025 -0.075773 0.100000
v -0.086882 -0.070923 0.100000
v -0.079376 -0.061802 0.100000
v -0.068966 -0.047255 0.100000
v -0.055834 -0.026970 0.100000
v -0.040689 -0.001354 0.100000
v -0.024543 0.028634 0.100000
v -0.008481 0.061643 0.100000
v 0.019963 0.130335 0.100000
v 0.031423 0.162788 0.100000
v 0.040869 0.192098 0.100000
v 0.048384 0.217276 0.100000
v 0.054112 0.237848 0.100000
v 0.058187 0.254005 0.100000
v 0.060662 0.266671 0.100000
v 0.061558 0.277167 0.100000
v 0.060970 0.286588 0.100000
v 0.059179 0.295201 0.100000
v 0.056625 0.302340 0.100000
v 0.055188 0.305071 0.100000
v 0.053676 0.307148 0.100000
v 0.052077 0.308581 0.100000
v 0.051234 0.309078 0.100000
v 0.050353 0.309448 0.100000
v 0.048446 0.309874 0.100000
v 0.046293 0.310001 0.100000
v 0.041021 0.309869 0.100000
v 0.025782 0.310000 0.100000
v -0.220000 0.310000 0.000000
v -0.220000 0.310000 0.100000
v -0.271605 0.276222 0.000000
v -0.269282 0.283675 0.000000
v -0.264658 0.292201 0.000000
v -0.258510 0.300707 0.000000
v -0.252446 0.307007 0.000000
v -0.249767 0.308804 0.000000
v -0.247197 0.309739 0.000000
v -0.241262 0.309984 0.000000
v -0.232507 0.309736 0.000000
v -0.232507 0.309736 0.100000
v -0.241262 0.309984 0.100000
v -0.247197 0.309739 0.100000
v -0.249767 0.308804 0.100000
v -0.252446 0.307007 0.100000
v -0.258510 0.300707 0.100000
v -0.264658 0.292201 0.100000
v -0.269282 0.283675 0.100000
v -0.271605 0.276222 0.100000
v -0.200000 0.650000 0.000000
v -0.300721 0.377514 0.000000
v -0.300721 0.377514 0.100000
v -0.200000 0.650000 0.100000
v -0.129739 0.640163 0.000000
v -0.129739 0.640163 0.100000
v -0.150000 0.600000 0.000000
v -0.141868 0.603475 0.000000
v -0.130099 0.608730 0.000000
v -0.117140 0.615614 0.000000
v -0.111812 0.619510 0.000000
v -0.109744 0.621524 0.000000
v -0.108164 0.623558 0.000000
v -0.107112 0.625591 0.000000
v -0.106597 0.627598 0.000000
v -0.106605 0.629554 0.000000
v -0.107095 0.631431 0.000000
v -0.108011 0.633202 0.000000
v -0.109287 0.634839 0.000000
v -0.112637 0.637616 0.000000
v -0.116630 0.639601 0.000000
v -0.120915 0.640705 0.000000
v -0.125308 0.640893 0.000000
v -0.125308 0.640893 0.100000
v -0.120915 0.640705 0.100000
v -0.116630 0.639601 0.100000
v -0.112637 0.637616 0.100000
v -0.109287 0.634839 0.100000
v -0.108011 0.633202 0.100000
v -0.107095 0.631431 0.100000
v -0.106605 0.629554 0.100000
v -0.106597 0.627598 0.100000
v -0.107112 0.625591 0.100000
v -0.108164 0.623558 0.100000
v -0.109744 0.621524 0.100000
v -0.111812 0.619510 0.100000
v -0.117140 0.615614 0.100000
v -0.130099 0.608730 0.100000
v -0.141868 0.603475 0.100000
v -0.150000 0.600000 0.100000
v -0.236296 0.382161 0.000000
v -0.236296 0.382161 0.100000
v -0.199335 0.353600 0.000000
v -0.213387 0.355277 0.000000
v -0.223888 0.357561 0.000000
v -0.227788 0.358938 0.000000
v -0.230813 0.360473 0.000000
v -0.233030 0.362161 0.000000
v -0.234551 0.363991 0.000000
v -0.235511 0.365949 0.000000
v -0.236057 0.368021 0.000000
v -0.236427 0.372446 0.000000
v -0.236427 0.372446 0.100000
v -0.236057 0.368021 0.100000
v -0.235511 0.365949 0.100000
v -0.234551 0.363991 0.100000
v -0.233030 0.362161 0.100000
v -0.230813 0.360473 0.100000
v -0.227788 0.358938 0.100000
v -0.223888 0.357561 0.100000
v -0.213387 0.355277 0.100000
v -0.199335 0.353600 0.100000
v 0.180000 0.353600 0.000000
v 0.180000 0.353600 0.100000
v 0.290000 0.410000 0.000000
v 0.283406 0.415154 0.000000
v 0.277608 0.418159 0.000000
v 0.275037 0.418894 0.000000
v 0.272714 0.419169 0.000000
v 0.270674 0.419045 0.000000
v 0.268937 0.418585 0.000000
v 0.267490 0.417824 0.000000
v 0.266259 0.416740 0.000000
v 0.263727 0.413107 0.000000
v 0.259388 0.406225 0.000000
v 0.251615 0.395177 0.000000
v 0.228526 0.367825 0.000000
v 0.217654 0.358208 0.000000
v 0.213129 0.355385 0.000000
v 0.209198 0.353803 0.000000
v 0.205721 0.353213 0.000000
v 0.202504 0.353290 0.000000
v 0.196064 0.354158 0.000000
v 0.188715 0.354512 0.000000
v 0.188715 0.354512 0.100000
v 0.196064 0.354158 0.100000
v 0.202504 0.353290 0.100000
v 0.205721 0.353213 0.100000
v 0.209198 0.353803 0.100000
v 0.213129 0.355385 0.100000
v 0.217654 0.358208 0.100000
v 0.228526 0.367825 0.100000
v 0.251615 0.395177 0.100000
v 0.259388 0.406225 0.100000
v 0.263727 0.413107 0.100000
v 0.266259 0.416740 0.100000
v 0.267490 0.417824 0.100000
v 0.268937 0.418585 0.100000
v 0.270674 0.419045 0.100000
v 0.272714 0.419169 0.100000
v 0.275037 0.418894 0.100000
v 0.277608 0.418159 0.100000
v 0.283406 0.415154 0.100000
v 0.290000 0.410000 0.100000
v 0.359497 0.347896 0.000000
v 0.359497 0.347896 0.100000
v 0.343296 0.316705 0.000000
v 0.353541 0.317528 0.000000
v 0.357602 0.318594 0.000000
v 0.360939 0.320095 0.000000
v 0.363547 0.322017 0.000000
v 0.365438 0.324320 0.000000
v 0.366655 0.326932 0.000000
v 0.367265 0.329752 0.000000
v 0.367353 0.332660 0.000000
v 0.367009 0.335537 0.000000
v 0.365350 0.340784 0.000000
v 0.364156 0.343019 0.000000
v 0.362772 0.344954 0.000000
v 0.361215 0.346579 0.000000
v 0.361215 0.346579 0.100000
v 0.362772 0.344954 0.100000
v 0.364156 0.343019 0.100000
v 0.365350 0.340784 0.100000
v 0.367009 0.335537 0.100000
v 0.367353 0.332660 0.100000
v 0.367265 0.329752 0.100000
v 0.366655 0.326932 0.100000
v 0.365438 0.324320 0.100000
v 0.363547 0.322017 0.100000
v 0.360939 0.320095 0.100000
v 0.357602 0.318594 0.100000
v 0.353541 0.317528 0.100000
v 0.343296 0.316705 0.100000
v 0.193515 0.313631 0.000000
v 0.193515 0.313631 0.100000
v 0.228005 -0.363488 0.000000
v 0.234948 -0.375971 0.000000
v 0.242772 -0.385006 0.000000
v 0.247008 -0.388258 0.000000
v 0.251453 -0.390700 0.000000
v 0.256097 -0.392371 0.000000
v 0.260921 -0.393323 0.000000
v 0.270928 -0.393249 0.000000
v 0.275934 -0.392264 0.000000
v 0.280742 -0.390615 0.000000
v 0.285144 -0.388234 0.000000
v 0.288920 -0.385043 0.000000
v 0.291872 -0.380988 0.000000
v 0.293866 -0.376067 0.000000
v 0.294868 -0.370366 0.000000
v 0.294943 -0.364056 0.000000
v 0.292920 -0.350539 0.000000
v 0.284057 -0.325114 0.000000
v 0.277188 -0.313334 0.000000
v 0.267342 -0.300618 0.000000
v 0.253847 -0.286057 0.000000
v 0.237106 -0.269849 0.000000
v 0.198947 -0.236967 0.000000
v 0.162213 -0.210488 0.000000
v 0.126896 -0.189882 0.000000
v 0.088018 -0.169211 0.000000
v 0.047993 -0.148685 0.000000
v 0.014863 -0.132996 0.000000
v -0.008563 -0.120961 0.000000
v -0.016730 -0.114435 0.000000
v -0.019632 -0.110882 0.000000
v -0.021556 -0.107167 0.000000
v -0.022119 -0.105263 0.000000
v -0.022409 -0.103337 0.000000
v -0.022427 -0.101397 0.000000
v -0.022186 -0.099448 0.000000
v -0.021002 -0.095549 0.000000
v -0.019060 -0.091672 0.000000
v -0.007880 -0.075646 0.000000
v -0.001322 -0.065403 0.000000
v 0.006460 -0.051762 0.000000
v 0.015905 -0.034068 0.000000
v 0.026784 -0.012840 0.000000
v 0.049766 0.034625 0.000000
v 0.069320 0.079729 0.000000
v 0.096919 0.158865 0.000000
v 0.120808 0.237721 0.000000
v 0.130040 0.268059 0.000000
v 0.136772 0.287757 0.000000
v 0.143562 0.303257 0.000000
v 0.145980 0.306523 0.000000
v 0.148897 0.309236 0.000000
v 0.152355 0.311274 0.000000
v 0.156326 0.312621 0.000000
v 0.156326 0.312621 0.100000
v 0.152355 0.311274 0.100000
v 0.148897 0.309236 0.100000
v 0.145980 0.306523 0.100000
v 0.143562 0.303257 0.100000
v 0.136772 0.287757 0.100000
v 0.130040 0.268059 0.100000
v 0.120808 0.237721 0.100000
v 0.096919 0.158865 0.100000
v 0.069320 0.079729 0.100000
v 0.049766 0.034625 0.100000
v 0.026784 -0.012840 0.100000
v 0.015905 -0.034068 0.100000
v 0.006460 -0.051762 0.100000
v -0.001322 -0.065403 0.100000
v -0.007880 -0.075646 0.100000
v -0.019060 -0.091672 0.100000
v -0.021002 -0.095549 0.100000
v -0.022186 -0.099448 0.100000
v -0.022427 -0.101397 0.100000
v -0.022409 -0.103337 0.100000
v -0.022119 -0.105263 0.100000
v -0.021556 -0.107167 0.100000
v -0.019632 -0.110882 0.100000
v -0.016730 -0.114435 0.100000
v -0.008563 -0.120961 0.100000
v 0.014863 -0.132996 0.100000
v 0.047993 -0.148685 0.100000
v 0.088018 -0.169211 0.100000
v 0.126896 -0.189882 0.100000
v 0.162213 -0.210488 0.100000
v 0.198947 -0.236967 0.100000
v 0.237106 -0.269849 0.100000
v 0.253847 -0.286057 0.100000
v 0.267342 -0.300618 0.100000
v 0.277188 -0.313334 0.100000
v 0.284057 -0.325114 0.100000
v 0.292920 -0.350539 0.100000
v 0.294943 -0.364056 0.100000
v 0.294868 -0.370366 0.100000
v 0.293866 -0.376067 0.100000
v 0.291872 -0.380988 0.100000
v 0.288920 -0.385043 0.100000
v 0.285144 -0.388234 0.100000
v 0.280742 -0.390615 0.100000
v 0.275934 -0.392264 0.100000
v 0.270928 -0.393249 0.100000
v 0.260921 -0.393323 0.100000
v 0.256097 -0.392371 0.100000
v 0.251453 -0.390700 0.100000
v 0.247008 -0.388258 0.100000
v 0.242772 -0.385006 0.100000
v 0.234948 -0.375971 0.100000
v 0.228005 -0.363488 0.100000
v 0.146672 -0.296041 0.000000
v 0.146672 -0.296041 0.100000
v 0.045320 -0.227261 0.000000
v 0.045320 -0.227261 0.100000
v -0.032636 -0.182377 0.000000
v -0.032636 -0.182377 0.100000
v -0.173160 -0.113664 0.000000
v -0.159865 -0.120401 0.000000
v -0.155368 -0.124119 0.000000
v -0.152281 -0.128055 0.000000
v -0.151254 -0.130098 0.000000
v -0.150561 -0.132186 0.000000
v -0.150193 -0.134313 0.000000
v -0.150138 -0.136472 0.000000
v -0.150909 -0.140856 0.000000
v -0.152736 -0.145267 0.000000
v -0.158851 -0.153858 0.000000
v -0.166793 -0.161682 0.000000
v -0.181778 -0.174420 0.000000
v -0.188782 -0.180603 0.000000
v -0.198180 -0.188446 0.000000
v -0.212192 -0.199031 0.000000
v -0.231535 -0.212495 0.000000
v -0.255523 -0.228136 0.000000
v -0.282673 -0.244799 0.000000
v -0.340317 -0.276553 0.000000
v -0.397827 -0.302313 0.000000
v -0.455764 -0.322432 0.000000
v -0.512821 -0.338953 0.000000
v -0.538377 -0.346002 0.000000
v -0.560205 -0.352064 0.000000
v -0.577750 -0.356987 0.000000
v -0.591721 -0.360715 0.000000
v -0.615923 -0.365722 0.000000
v -0.626935 -0.368853 0.000000
v -0.631216 -0.371190 0.000000
v -0.632878 -0.372600 0.000000
v -0.634172 -0.374170 0.000000
v -0.635076 -0.375886 0.000000
v -0.635586 -0.377720 0.000000
v -0.635709 -0.379634 0.000000
v -0.635472 -0.381579 0.000000
v -0.634909 -0.383499 0.000000
v -0.634060 -0.385339 0.000000
v -0.632967 -0.387041 0.000000
v -0.631673 -0.388556 0.000000
v -0.630213 -0.389843 0.000000
v -0.628614 -0.390869 0.000000
v -0.626893 -0.391620 0.000000
v -0.625053 -0.392095 0.000000
v -0.620991 -0.392263 0.000000
v -0.616307 -0.391553 0.000000
v -0.604365 -0.388505 0.000000
v -0.588108 -0.384630 0.000000
v -0.567307 -0.380604 0.000000
v -0.542473 -0.376324 0.000000
v -0.484585 -0.365312 0.000000
v -0.422390 -0.349811 0.000000
v -0.361925 -0.330678 0.000000
v -0.305618 -0.308730 0.000000
v -0.252297 -0.283087 0.000000
v -0.201193 -0.253629 0.000000
v -0.177672 -0.238613 0.000000
v -0.156891 -0.224615 0.000000
v -0.139764 -0.212474 0.000000
v -0.126517 -0.202530 0.000000
v -0.107056 -0.186615 0.000000
v -0.086958 -0.171169 0.000000
v -0.077119 -0.165776 0.000000
v -0.072781 -0.164409 0.000000
v -0.068855 -0.164029 0.000000
v -0.065212 -0.164564 0.000000
v -0.061652 -0.165870 0.000000
v -0.053936 -0.170123 0.000000
v -0.053936 -0.170123 0.100000
v -0.061652 -0.165870 0.100000
v -0.065212 -0.164564 0.100000
v -0.068855 -0.164029 0.100000
v -0.072781 -0.164409 0.100000
v -0.077119 -0.165776 0.100000
v -0.086958 -0.171169 0.100000
v -0.107056 -0.186615 0.100000
v -0.126517 -0.202530 0.100000
v -0.139764 -0.212474 0.100000
v -0.156891 -0.224615 0.100000
v -0.177672 -0.238613 0.100000
v -0.201193 -0.253629 0.100000
v -0.252297 -0.283087 0.100000
v -0.305618 -0.308730 0.100000
v -0.361925 -0.330678 0.100000
v -0.422390 -0.349811 0.100000
v -0.484585 -0.365312 0.100000
v -0.542473 -0.376324 0.100000
v -0.567307 -0.380604 0.100000
v -0.588108 -0.384630 0.100000
v -0.604365 -0.388505 0.100000
v -0.616307 -0.391553 0.100000
v -0.620991 -0.392263 0.100000
v -0.625053 -0.392095 0.100000
v -0.626893 -0.391620 0.100000
v -0.628614 -0.390869 0.100000
v -0.630213 -0.389843 0.100000
v -0.631673 -0.388556 0.100000
v -0.632967 -0.387041 0.100000
v -0.634060 -0.385339 0.100000
v -0.634909 -0.383499 0.100000
v -0.635472 -0.381579 0.100000
v -0.635709 -0.379634 0.100000
v -0.635586 -0.377720 0.100000
v -0.635076 -0.375886 0.100000
v -0.634172 -0.374170 0.100000
v -0.632878 -0.372600 0.100000
v -0.631216 -0.371190 0.100000
v -0.626935 -0.368853 0.100000
v -0.615923 -0.365722 0.100000
v -0.591721 -0.360715 0.100000
v -0.577750 -0.356987 0.100000
v -0.560205 -0.352064 0.100000
v -0.538377 -0.346002 0.100000
v -0.512821 -0.338953 0.100000
v -0.455764 -0.322432 0.100000
v -0.397827 -0.302313 0.100000
v -0.340317 -0.276553 0.100000
v -0.282673 -0.244799 0.100000
v -0.255523 -0.228136 0.100000
v -0.231535 -0.212495 0.100000
v -0.212192 -0.199031 0.100000
v -0.198180 -0.188446 0.100000
v -0.188782 -0.180603 0.100000
v -0.181778 -0.174420 0.100000
v -0.166793 -0.161682 0.100000
v -0.158851 -0.153858 0.100000
v -0.152736 -0.145267 0.100000
v -0.150909 -0.140856 0.100000
v -0.150138 -0.136472 0.100000
v -0.150193 -0.134313 0.100000
v -0.150561 -0.132186 0.100000
v -0.151254 -0.130098 0.100000
v -0.152281 -0.128055 0.100000
v -0.155368 -0.124119 0.100000
v -0.159865 -0.120401 0.100000
v -0.173160 -0.113664 0.100000
v -0.356659 -0.038003 0.000000
v -0.356659 -0.038003 0.100000
v -0.486122 -0.038003 0.000000
v -0.494120 -0.054100 0.000000
v -0.497052 -0.061948 0.000000
v -0.498704 -0.069115 0.000000
v -0.498849 -0.072234 0.000000
v -0.498484 -0.074954 0.000000
v -0.497641 -0.077257 0.000000
v -0.496438 -0.079179 0.000000
v -0.493633 -0.082228 0.000000
v -0.490864 -0.084732 0.000000
v -0.489203 -0.085806 0.000000
v -0.486975 -0.086684 0.000000
v -0.479900 -0.087604 0.000000
v -0.458606 -0.086749 0.000000
v -0.443898 -0.085589 0.000000
v -0.439387 -0.084309 0.000000
v -0.437185 -0.083135 0.000000
v -0.434976 -0.081511 0.000000
v -0.432845 -0.079421 0.000000
v -0.430909 -0.076898 0.000000
v -0.427912 -0.071001 0.000000
v -0.423735 -0.060437 0.000000
v -0.417323 -0.050960 0.000000
v -0.408198 -0.036232 0.000000
v -0.405575 -0.033315 0.000000
v -0.402806 -0.031248 0.000000
v -0.399880 -0.030056 0.000000
v -0.396786 -0.029604 0.000000
v -0.382823 -0.030744 0.000000
v -0.368373 -0.032493 0.000000
v -0.362070 -0.034605 0.000000
v -0.362070 -0.034605 0.100000
v -0.368373 -0.032493 0.100000
v -0.382823 -0.030744 0.100000
v -0.396786 -0.029604 0.100000
v -0.399880 -0.030056 0.100000
v -0.402806 -0.031248 0.100000
v -0.405575 -0.033315 0.100000
v -0.408198 -0.036232 0.100000
v -0.417323 -0.050960 0.100000
v -0.423735 -0.060437 0.100000
v -0.427912 -0.071001 0.100000
v -0.430909 -0.076898 0.100000
v -0.432845 -0.079421 0.100000
v -0.434976 -0.081511 0.100000
v -0.437185 -0.083135 0.100000
v -0.439387 -0.084309 0.100000
v -0.443898 -0.085589 0.100000
v -0.458606 -0.086749 0.100000
v -0.479900 -0.087604 0.100000
v -0.486975 -0.086684 0.100000
v -0.489203 -0.085806 0.100000
v -0.490864 -0.084732 0.100000
v -0.493633 -0.082228 0.100000
v -0.496438 -0.079179 0.100000
v -0.497641 -0.077257 0.100000
v -0.498484 -0.074954 0.100000
v -0.498849 -0.072234 0.100000
v -0.498704 -0.069115 0.100000
v -0.497052 -0.061948 0.100000
v -0.494120 -0.054100 0.100000
v -0.486122 -0.038003 0.100000
v -0.347320 0.263929 0.000000
v -0.347320 0.263929 0.100000
v -0.374629 0.312106 0.000000
v -0.358421 0.312302 0.000000
v -0.352541 0.311562 0.000000
v -0.348086 0.310260 0.000000
v -0.346350 0.309402 0.000000
v -0.344904 0.308412 0.000000
v -0.343709 0.307295 0.000000
v -0.342721 0.306057 0.000000
v -0.341195 0.303250 0.000000
v -0.340016 0.300051 0.000000
v -0.338197 0.292669 0.000000
v -0.337746 0.288541 0.000000
v -0.337890 0.284138 0.000000
v -0.338832 0.279468 0.000000
v -0.340693 0.274538 0.000000
v -0.340693 0.274538 0.100000
v -0.338832 0.279468 0.100000
v -0.337890 0.284138 0.100000
v -0.337746 0.288541 0.100000
v -0.338197 0.292669 0.100000
v -0.340016 0.300051 0.100000
v -0.341195 0.303250 0.100000
v -0.342721 0.306057 0.100000
v -0.343709 0.307295 0.100000
v -0.344904 0.308412 0.100000
v -0.346350 0.309402 0.100000
v -0.348086 0.310260 0.100000
v -0.352541 0.311562 0.100000
v -0.358421 0.312302 0.100000
v -0.374629 0.312106 0.100000
v -0.560000 0.312106 0.000000
v -0.560000 0.312106 0.100000
v -0.620000 0.310000 0.000000
v -0.600624 0.310027 0.000000
v -0.584837 0.309818 0.000000
v -0.584837 0.309818 0.100000
v -0.600624 0.310027 0.100000
v -0.620000 0.310000 0.100000
v -0.642160 0.344956 0.000000
v -0.642160 0.344956 0.100000
v -0.600000 0.360000 0.000000
v -0.619832 0.363076 0.000000
v -0.631502 0.365461 0.000000
v -0.636995 0.365912 0.000000
v -0.641764 0.365531 0.000000
v -0.643751 0.364993 0.000000
v -0.645416 0.364222 0.000000
v -0.646729 0.363228 0.000000
v -0.647249 0.362653 0.000000
v -0.647676 0.362031 0.000000
v -0.648263 0.360661 0.000000
v -0.648515 0.359156 0.000000
v -0.648474 0.357558 0.000000
v -0.648189 0.355912 0.000000
v -0.647098 0.352649 0.000000
v -0.645608 0.349650 0.000000
v -0.645608 0.349650 0.100000
v -0.647098 0.352649 0.100000
v -0.648189 0.355912 0.100000
v -0.648474 0.357558 0.100000
v -0.648515 0.359156 0.100000
v -0.648263 0.360661 0.100000
v -0.647676 0.362031 0.100000
v -0.647249 0.362653 0.100000
v -0.646729 0.363228 0.100000
v -0.645416 0.364222 0.100000
v -0.643751 0.364993 0.100000
v -0.641764 0.365531 0.100000
v -0.636995 0.365912 0.100000
v -0.631502 0.365461 0.100000
v -0.619832 0.363076 0.100000
v -0.600000 0.360000 0.100000
v -0.645608 0.349650 0.050000
v -0.647098 0.352649 0.050000
v -0.648189 0.355912 0.050000
v -0.648474 0.357558 0.050000
v -0.648515 0.359156 0.050000
v -0.648263 0.360661 0.050000
v -0.647676 0.362031 0.050000
v -0.647249 0.362653 0.050000
v -0.646729 0.363228 0.050000
v -0.645416 0.364222 0.050000
v -0.643751 0.364993 0.050000
v -0.641764 0.365531 0.050000
v -0.636995 0.365912 0.050000
v -0.631502 0.365461 0.050000
v -0.619832 0.363076 0.050000
v -0.583410 0.357710 0.000000
v -0.583410 0.357710 0.100000
v -0.341291 0.353308 0.000000
v -0.341291 0.353308 0.100000
v -0.304524 0.370049 0.000000
v -0.308924 0.363933 0.000000
v -0.313904 0.359222 0.000000
v -0.319342 0.355895 0.000000
v -0.325001 0.353809 0.000000
v -0.330630 0.352780 0.000000
v -0.336077 0.352646 0.000000
v -0.336077 0.352646 0.100000
v -0.330630 0.352780 0.100000
v -0.325001 0.353809 0.100000
v -0.319342 0.355895 0.100000
v -0.313904 0.359222 0.100000
v -0.308924 0.363933 0.100000
v -0.304524 0.370049 0.100000
vt 0.000000 0.000000 0.000000
vt 0.015802 0.000000 0.000000
vt 0.000000 0.100000 0.000000
vt 0.015802 0.100000 0.000000
vt 0.023703 0.000000 0.000000
vt 0.023703 0.100000 0.000000
vt 0.027653 0.000000 0.000000
vt 0.027653 0.100000 0.000000
vt 0.031604 0.000000 0.000000
vt 0.031604 0.100000 0.000000
vt 0.033579 0.000000 0.000000
vt 0.033579 0.100000 0.000000
vt 0.035554 0.000000 0.000000
vt 0.035554 0.100000 0.000000
vt 0.037529 0.000000 0.000000
vt 0.037529 0.100000 0.000000
vt 0.039505 0.000000 0.000000
vt 0.039505 0.100000 0.000000
vt 0.041480 0.000000 0.000000
vt 0.041480 0.100000 0.000000
vt 0.043455 0.000000 0.000000
vt 0.043455 0.100000 0.000000
vt 0.047405 0.000000 0.000000
vt 0.047405 0.100000 0.000000
vt 0.055306 0.000000 0.000000
vt 0.055306 0.100000 0.000000
vt 0.063207 0.000000 0.000000
vt 0.063207 0.100000 0.000000
vt 0.000000 0.000000 0.000000
vt 0.216876 0.000000 0.000000
vt 0.000000 0.100000 0.000000
vt 0.216876 0.100000 0.000000
vt 0.000000 0.000000 0.000000
vt 0.071672 0.000000 0.000000
vt 0.000000 0.100000 0.000000
vt 0.071672 0.100000 0.000000
vt 0.107508 0.000000 0.000000
vt 0.107508 0.100000 0.000000
vt 0.125426 0.000000 0.000000
vt 0.125426 0.100000 0.000000
vt 0.143344 0.000000 0.000000
vt 0.143344 0.100000 0.000000
vt 0.152303 0.000000 0.000000
vt 0.152303 0.100000 0.000000
vt 0.161262 0.000000 0.000000
vt 0.161262 0.100000 0.000000
vt 0.179180 0.000000 0.000000
vt 0.179180 0.100000 0.000000
vt 0.197098 0.000000 0.000000
vt 0.197098 0.100000 0.000000
vt 0.215016 0.000000 0.000000
vt 0.215016 0.100000 0.000000
vt 0.250851 0.000000 0.000000
vt 0.250851 0.100000 0.000000
vt 0.286687 0.000000 0.000000
vt 0.286687 0.100000 0.000000
vt 0.322523 0.000000 0.000000
vt 0.322523 0.100000 0.000000
vt 0.358359 0.000000 0.000000
vt 0.358359 0.100000 0.000000
vt 0.394195 0.000000 0.000000
vt 0.394195 0.100000 0.000000
vt 0.430031 0.000000 0.000000
vt 0.430031 0.100000 0.000000
vt 0.465867 0.000000 0.000000
vt 0.465867 0.100000 0.000000
vt 0.501703 0.000000 0.000000
vt 0.501703 0.100000 0.000000
vt 0.537539 0.000000 0.000000
vt 0.537539 0.100000 0.000000
vt 0.573375 0.000000 0.000000
vt 0.573375 0.100000 0.000000
vt 0.645047 0.000000 0.000000
vt 0.645047 0.100000 0.000000
vt 0.680882 0.000000 0.000000
vt 0.680882 0.100000 0.000000
vt 0.716718 0.000000 0.000000
vt 0.716718 0.100000 0.000000
vt 0.752554 0.000000 0.000000
vt 0.752554 0.100000 0.000000
vt 0.788390 0.000000 0.000000
vt 0.788390 0.100000 0.000000
vt 0.824226 0.000000 0.000000
vt 0.824226 0.100000 0.000000
vt 0.860062 0.000000 0.000000
vt 0.860062 0.100000 0.000000
vt 0.895898 0.000000 0.000000
vt 0.895898 0.100000 0.000000
vt 0.931734 0.000000 0.000000
vt 0.931734 0.100000 0.000000
vt 0.967570 0.000000 0.000000
vt 0.967570 0.100000 0.000000
vt 1.003406 0.000000 0.000000
vt 1.003406 0.100000 0.000000
vt 1.039242 0.000000 0.000000
vt 1.039242 0.100000 0.000000
vt 1.075078 0.000000 0.000000
vt 1.075078 0.100000 0.000000
vt 1.146749 0.000000 0.000000
vt 1.146749 0.100000 0.000000
vt 0.000000 0.000000 0.000000
vt 0.245782 0.000000 0.000000
vt 0.000000 0.100000 0.000000
vt 0.245782 0.100000 0.000000
vt 0.000000 0.000000 0.000000
vt 0.007202 0.000000 0.000000
vt 0.000000 0.100000 0.000000
vt 0.007202 0.100000 0.000000
vt 0.014404 0.000000 0.000000
vt 0.014404 0.100000 0.000000
vt 0.021607 0.000000 0.000000
vt 0.021607 0.100000 0.000000
vt 0.028809 0.000000 0.000000
vt 0.028809 0.100000 0.000000
vt 0.032410 0.000000 0.000000
vt 0.032410 0.100000 0.000000
vt 0.036011 0.000000 0.000000
vt 0.036011 0.100000 0.000000
vt 0.043213 0.000000 0.000000
vt 0.043213 0.100000 0.000000
vt 0.050415 0.000000 0.000000
vt 0.050415 0.100000 0.000000
vt 0.057618 0.000000 0.000000
vt 0.057618 0.100000 0.000000
vt 0.000000 0.000000 0.000000
vt 0.246694 0.000000 0.000000
vt 0.000000 0.100000 0.000000
vt 0.246694 0.100000 0.000000
vt -0.000000 0.000000 0.000000
vt 0.290505 0.000000 0.000000
vt -0.000000 0.100000 0.000000
vt 0.290505 0.100000 0.000000
vt 0.000000 0.000000 0.000000
vt 0.070946 0.000000 0.000000
vt 0.000000 0.100000 0.000000
vt 0.070946 0.100000 0.000000
vt -0.077677 0.000000 0.000000
vt -0.067968 0.000000 0.000000
vt -0.077677 0.100000 0.000000
vt -0.067968 0.100000 0.000000
vt -0.058258 0.000000 0.000000
vt -0.058258 0.100000 0.000000
vt -0.048548 0.000000 0.000000
vt -0.048548 0.100000 0.000000
vt -0.043693 0.000000 0.000000
vt -0.043693 0.100000 0.000000
vt -0.041266 0.000000 0.000000
vt -0.041266 0.100000 0.000000
vt -0.038839 0.000000 0.000000
vt -0.038839 0.100000 0.000000
vt -0.036411 0.000000 0.000000
vt -0.036411 0.100000 0.000000
vt -0.033984 0.000000 0.000000
vt -0.033984 0.100000 0.000000
vt -0.031556 0.000000 0.000000
vt -0.031556 0.100000 0.000000
vt -0.029129 0.000000 0.000000
vt -0.029129 0.100000 0.000000
vt -0.026702 0.000000 0.000000
vt -0.026702 0.100000 0.000000
vt -0.024274 0.000000 0.000000
vt -0.024274 0.100000 0.000000
vt -0.019419 0.000000 0.000000
vt -0.019419 0.100000 0.000000
vt -0.014564 0.000000 0.000000
vt -0.014564 0.100000 0.000000
vt -0.009710 0.000000 0.000000
vt -0.009710 0.100000 0.000000
vt -0.004855 0.000000 0.000000
vt -0.004855 0.100000 0.000000
vt 0.000000 0.000000 0.000000
vt 0.000000 0.100000 0.000000
vt 0.000000 0.000000 0.000000
vt 0.234309 0.000000 0.000000
vt 0.000000 0.100000 0.000000
vt 0.234309 0.100000 0.000000
vt -0.036046 0.000000 0.000000
vt -0.031540 0.000000 0.000000
vt -0.036046 0.100000 0.000000
vt -0.031540 0.100000 0.000000
vt -0.027034 0.000000 0.000000
vt -0.027034 0.100000 0.000000
vt -0.024781 0.000000 0.000000
vt -0.024781 0.100000 0.000000
vt -0.022529 0.000000 0.000000
vt -0.022529 0.100000 0.000000
vt -0.020276 0.000000 0.000000
vt -0.020276 0.100000 0.000000
vt -0.018023 0.000000 0.000000
vt -0.018023 0.100000 0.000000
vt -0.015770 0.000000 0.000000
vt -0.015770 0.100000 0.000000
vt -0.013517 0.000000 0.000000
vt -0.013517 0.100000 0.000000
vt -0.009011 0.000000 0.000000
vt -0.009011 0.100000 0.000000
vt 0.000000 0.000000 0.000000
vt 0.000000 0.100000 0.000000
vt 0.000000 0.000000 0.000000
vt 0.379335 0.000000 0.000000
vt 0.000000 0.100000 0.000000
vt 0.379335 0.100000 0.000000
vt -0.257564 0.000000 0.000000
vt -0.241467 0.000000 0.000000
vt -0.257564 0.100000 0.000000
vt -0.241467 0.100000 0.000000
vt -0.225369 0.000000 0.000000
vt -0.225369 0.100000 0.000000
vt -0.217320 0.000000 0.000000
vt -0.217320 0.100000 0.000000
vt -0.209271 0.000000 0.000000
vt -0.209271 0.100000 0.000000
vt -0.201222 0.000000 0.000000
vt -0.201222 0.100000 0.000000
vt -0.193173 0.000000 0.000000
vt -0.193173 0.100000 0.000000
vt -0.185124 0.000000 0.000000
vt -0.185124 0.100000 0.000000
vt -0.177076 0.000000 0.000000
vt -0.177076 0.100000 0.000000
vt -0.160978 0.000000 0.000000
vt -0.160978 0.100000 0.000000
vt -0.144880 0.000000 0.000000
vt -0.144880 0.100000 0.000000
vt -0.128782 0.000000 0.000000
vt -0.128782 0.100000 0.000000
vt -0.096587 0.000000 0.000000
vt -0.096587 0.100000 0.000000
vt -0.080489 0.000000 0.000000
vt -0.080489 0.100000 0.000000
vt -0.072440 0.000000 0.000000
vt -0.072440 0.100000 0.000000
vt -0.064391 0.000000 0.000000
vt -0.064391 0.100000 0.000000
vt -0.056342 0.000000 0.000000
vt -0.056342 0.100000 0.000000
vt -0.048293 0.000000 0.000000
vt -0.048293 0.100000 0.000000
vt -0.032196 0.000000 0.000000
vt -0.032196 0.100000 0.000000
vt -0.016098 0.000000 0.000000
vt -0.016098 0.100000 0.000000
vt 0.000000 0.000000 0.000000
vt 0.000000 0.100000 0.000000
vt 0.000000 0.000000 0.000000
vt 0.093203 0.000000 0.000000
vt 0.000000 0.100000 0.000000
vt 0.093203 0.100000 0.000000
vt -0.046464 0.000000 0.000000
vt -0.040656 0.000000 0.000000
vt -0.046464 0.100000 0.000000
vt -0.040656 0.100000 0.000000
vt -0.037752 0.000000 0.000000
vt -0.037752 0.100000 0.000000
vt -0.034848 0.000000 0.000000
vt -0.034848 0.100000 0.000000
vt -0.031944 0.000000 0.000000
vt -0.031944 0.100000 0.000000
vt -0.029040 0.000000 0.000000
vt -0.029040 0.100000 0.000000
vt -0.026136 0.000000 0.000000
vt -0.026136 0.100000 0.000000
vt -0.023232 0.000000 0.000000
vt -0.023232 0.100000 0.000000
vt -0.020328 0.000000 0.000000
vt -0.020328 0.100000 0.000000
vt -0.017424 0.000000 0.000000
vt -0.017424 0.100000 0.000000
vt -0.011616 0.000000 0.000000
vt -0.011616 0.100000 0.000000
vt -0.008712 0.000000 0.000000
vt -0.008712 0.100000 0.000000
vt -0.005808 0.000000 0.000000
vt -0.005808 0.100000 0.000000
vt -0.002904 0.000000 0.000000
vt -0.002904 0.100000 0.000000
vt 0.000000 0.000000 0.000000
vt 0.000000 0.100000 0.000000
vt -0.000000 0.000000 0.000000
vt 0.149812 0.000000 0.000000
vt -0.000000 0.100000 0.000000
vt 0.149812 0.100000 0.000000
vt -0.515827 0.000000 0.000000
vt -0.507768 0.000000 0.000000
vt -0.515827 0.100000 0.000000
vt -0.507768 0.100000 0.000000
vt -0.499708 0.000000 0.000000
vt -0.499708 0.100000 0.000000
vt -0.495678 0.000000 0.000000
vt -0.495678 0.100000 0.000000
vt -0.491648 0.000000 0.000000
vt -0.491648 0.100000 0.000000
vt -0.487618 0.000000 0.000000
vt -0.487618 0.100000 0.000000
vt -0.483588 0.000000 0.000000
vt -0.483588 0.100000 0.000000
vt -0.475528 0.000000 0.000000
vt -0.475528 0.100000 0.000000
vt -0.471498 0.000000 0.000000
vt -0.471498 0.100000 0.000000
vt -0.467469 0.000000 0.000000
vt -0.467469 0.100000 0.000000
vt -0.463439 0.000000 0.000000
vt -0.463439 0.100000 0.000000
vt -0.459409 0.000000 0.000000
vt -0.459409 0.100000 0.000000
vt -0.455379 0.000000 0.000000
vt -0.455379 0.100000 0.000000
vt -0.451349 0.000000 0.000000
vt -0.451349 0.100000 0.000000
vt -0.447319 0.000000 0.000000
vt -0.447319 0.100000 0.000000
vt -0.443289 0.000000 0.000000
vt -0.443289 0.100000 0.000000
vt -0.435229 0.000000 0.000000
vt -0.435229 0.100000 0.000000
vt -0.419110 0.000000 0.000000
vt -0.419110 0.100000 0.000000
vt -0.411050 0.000000 0.000000
vt -0.411050 0.100000 0.000000
vt -0.402990 0.000000 0.000000
vt -0.402990 0.100000 0.000000
vt -0.394930 0.000000 0.000000
vt -0.394930 0.100000 0.000000
vt -0.386871 0.000000 0.000000
vt -0.386871 0.100000 0.000000
vt -0.370751 0.000000 0.000000
vt -0.370751 0.100000 0.000000
vt -0.354631 0.000000 0.000000
vt -0.354631 0.100000 0.000000
vt -0.338512 0.000000 0.000000
vt -0.338512 0.100000 0.000000
vt -0.322392 0.000000 0.000000
vt -0.322392 0.100000 0.000000
vt -0.306273 0.000000 0.000000
vt -0.306273 0.100000 0.000000
vt -0.290153 0.000000 0.000000
vt -0.290153 0.100000 0.000000
vt -0.274033 0.000000 0.000000
vt -0.274033 0.100000 0.000000
vt -0.265974 0.000000 0.000000
vt -0.265974 0.100000 0.000000
vt -0.261944 0.000000 0.000000
vt -0.261944 0.100000 0.000000
vt -0.257914 0.000000 0.000000
vt -0.257914 0.100000 0.000000
vt -0.255899 0.000000 0.000000
vt -0.255899 0.100000 0.000000
vt -0.253884 0.000000 0.000000
vt -0.253884 0.100000 0.000000
vt -0.251869 0.000000 0.000000
vt -0.251869 0.100000 0.000000
vt -0.249854 0.000000 0.000000
vt -0.249854 0.100000 0.000000
vt -0.245824 0.000000 0.000000
vt -0.245824 0.100000 0.000000
vt -0.241794 0.000000 0.000000
vt -0.241794 0.100000 0.000000
vt -0.225674 0.000000 0.000000
vt -0.225674 0.100000 0.000000
vt -0.217615 0.000000 0.000000
vt -0.217615 0.100000 0.000000
vt -0.209555 0.000000 0.000000
vt -0.209555 0.100000 0.000000
vt -0.201495 0.000000 0.000000
vt -0.201495 0.100000 0.000000
vt -0.193435 0.000000 0.000000
vt -0.193435 0.100000 0.000000
vt -0.177316 0.000000 0.000000
vt -0.177316 0.100000 0.000000
vt -0.161196 0.000000 0.000000
vt -0.161196 0.100000 0.000000
vt -0.128957 0.000000 0.000000
vt -0.128957 0.100000 0.000000
vt -0.096718 0.000000 0.000000
vt -0.096718 0.100000 0.000000
vt -0.080598 0.000000 0.000000
vt -0.080598 0.100000 0.000000
vt -0.064478 0.000000 0.000000
vt -0.064478 0.100000 0.000000
vt -0.048359 0.000000 0.000000
vt -0.048359 0.100000 0.000000
vt -0.044329 0.000000 0.000000
vt -0.044329 0.100000 0.000000
vt -0.040299 0.000000 0.000000
vt -0.040299 0.100000 0.000000
vt -0.036269 0.000000 0.000000
vt -0.036269 0.100000 0.000000
vt -0.032239 0.000000 0.000000
vt -0.032239 0.100000 0.000000
vt 0.000000 0.000000 0.000000
vt 0.000000 0.100000 0.000000
vt 0.000000 0.000000 0.000000
vt 0.105660 0.000000 0.000000
vt -0.000000 0.100000 0.000000
vt 0.105660 0.100000 0.000000
vt 0.000000 0.000000 0.000000
vt 0.122487 0.000000 0.000000
vt -0.000000 0.100000 0.000000
vt 0.122487 0.100000 0.000000
vt 0.000000 0.000000 0.000000
vt 0.089954 0.000000 0.000000
vt 0.000000 0.100000 0.000000
vt 0.089954 0.100000 0.000000
vt -0.504841 0.000000 0.000000
vt -0.496953 0.000000 0.000000
vt -0.504841 0.100000 0.000000
vt -0.496953 0.100000 0.000000
vt -0.493009 0.000000 0.000000
vt -0.493009 0.100000 0.000000
vt -0.489065 0.000000 0.000000
vt -0.489065 0.100000 0.000000
vt -0.487093 0.000000 0.000000
vt -0.487093 0.100000 0.000000
vt -0.485121 0.000000 0.000000
vt -0.485121 0.100000 0.000000
vt -0.483149 0.000000 0.000000
vt -0.483149 0.100000 0.000000
vt -0.481177 0.000000 0.000000
vt -0.481177 0.100000 0.000000
vt -0.477233 0.000000 0.000000
vt -0.477233 0.100000 0.000000
vt -0.473289 0.000000 0.000000
vt -0.473289 0.100000 0.000000
vt -0.465400 0.000000 0.000000
vt -0.465400 0.100000 0.000000
vt -0.457512 0.000000 0.000000
vt -0.457512 0.100000 0.000000
vt -0.441736 0.000000 0.000000
vt -0.441736 0.100000 0.000000
vt -0.433848 0.000000 0.000000
vt -0.433848 0.100000 0.000000
vt -0.425960 0.000000 0.000000
vt -0.425960 0.100000 0.000000
vt -0.418072 0.000000 0.000000
vt -0.418072 0.100000 0.000000
vt -0.410183 0.000000 0.000000
vt -0.410183 0.100000 0.000000
vt -0.402295 0.000000 0.000000
vt -0.402295 0.100000 0.000000
vt -0.394407 0.000000 0.000000
vt -0.394407 0.100000 0.000000
vt -0.378631 0.000000 0.000000
vt -0.378631 0.100000 0.000000
vt -0.362855 0.000000 0.000000
vt -0.362855 0.100000 0.000000
vt -0.347078 0.000000 0.000000
vt -0.347078 0.100000 0.000000
vt -0.331302 0.000000 0.000000
vt -0.331302 0.100000 0.000000
vt -0.323414 0.000000 0.000000
vt -0.323414 0.100000 0.000000
vt -0.315526 0.000000 0.000000
vt -0.315526 0.100000 0.000000
vt -0.307638 0.000000 0.000000
vt -0.307638 0.100000 0.000000
vt -0.299749 0.000000 0.000000
vt -0.299749 0.100000 0.000000
vt -0.283973 0.000000 0.000000
vt -0.283973 0.100000 0.000000
vt -0.276085 0.000000 0.000000
vt -0.276085 0.100000 0.000000
vt -0.272141 0.000000 0.000000
vt -0.272141 0.100000 0.000000
vt -0.270169 0.000000 0.000000
vt -0.270169 0.100000 0.000000
vt -0.268197 0.000000 0.000000
vt -0.268197 0.100000 0.000000
vt -0.266225 0.000000 0.000000
vt -0.266225 0.100000 0.000000
vt -0.264253 0.000000 0.000000
vt -0.264253 0.100000 0.000000
vt -0.262281 0.000000 0.000000
vt -0.262281 0.100000 0.000000
vt -0.260309 0.000000 0.000000
vt -0.260309 0.100000 0.000000
vt -0.258337 0.000000 0.000000
vt -0.258337 0.100000 0.000000
vt -0.256365 0.000000 0.000000
vt -0.256365 0.100000 0.000000
vt -0.254393 0.000000 0.000000
vt -0.254393 0.100000 0.000000
vt -0.252421 0.000000 0.000000
vt -0.252421 0.100000 0.000000
vt -0.250449 0.000000 0.000000
vt -0.250449 0.100000 0.000000
vt -0.248476 0.000000 0.000000
vt -0.248476 0.100000 0.000000
vt -0.246504 0.000000 0.000000
vt -0.246504 0.100000 0.000000
vt -0.244532 0.000000 0.000000
vt -0.244532 0.100000 0.000000
vt -0.240588 0.000000 0.000000
vt -0.240588 0.100000 0.000000
vt -0.236644 0.000000 0.000000
vt -0.236644 0.100000 0.000000
vt -0.228756 0.000000 0.000000
vt -0.228756 0.100000 0.000000
vt -0.220868 0.000000 0.000000
vt -0.220868 0.100000 0.000000
vt -0.212980 0.000000 0.000000
vt -0.212980 0.100000 0.000000
vt -0.205092 0.000000 0.000000
vt -0.205092 0.100000 0.000000
vt -0.189315 0.000000 0.000000
vt -0.189315 0.100000 0.000000
vt -0.173539 0.000000 0.000000
vt -0.173539 0.100000 0.000000
vt -0.157763 0.000000 0.000000
vt -0.157763 0.100000 0.000000
vt -0.141987 0.000000 0.000000
vt -0.141987 0.100000 0.000000
vt -0.126210 0.000000 0.000000
vt -0.126210 0.100000 0.000000
vt -0.110434 0.000000 0.000000
vt -0.110434 0.100000 0.000000
vt -0.102546 0.000000 0.000000
vt -0.102546 0.100000 0.000000
vt -0.094658 0.000000 0.000000
vt -0.094658 0.100000 0.000000
vt -0.086770 0.000000 0.000000
vt -0.086770 0.100000 0.000000
vt -0.078881 0.000000 0.000000
vt -0.078881 0.100000 0.000000
vt -0.063105 0.000000 0.000000
vt -0.063105 0.100000 0.000000
vt -0.047329 0.000000 0.000000
vt -0.047329 0.100000 0.000000
vt -0.039441 0.000000 0.000000
vt -0.039441 0.100000 0.000000
vt -0.035497 0.000000 0.000000
vt -0.035497 0.100000 0.000000
vt -0.031553 0.000000 0.000000
vt -0.031553 0.100000 0.000000
vt -0.027608 0.000000 0.000000
vt -0.027608 0.100000 0.000000
vt -0.023664 0.000000 0.000000
vt -0.023664 0.100000 0.000000
vt -0.015776 0.000000 0.000000
vt -0.015776 0.100000 0.000000
vt 0.000000 0.000000 0.000000
vt 0.000000 0.100000 0.000000
vt -0.000000 0.000000 0.000000
vt 0.198486 0.000000 0.000000
vt -0.000000 0.100000 0.000000
vt 0.198486 0.100000 0.000000
vt -0.183819 0.000000 0.000000
vt -0.172330 0.000000 0.000000
vt -0.183819 0.100000 0.000000
vt -0.172330 0.100000 0.000000
vt -0.166586 0.000000 0.000000
vt -0.166586 0.100000 0.000000
vt -0.160842 0.000000 0.000000
vt -0.160842 0.100000 0.000000
vt -0.157970 0.000000 0.000000
vt -0.157970 0.100000 0.000000
vt -0.155097 0.000000 0.000000
vt -0.155097 0.100000 0.000000
vt -0.152225 0.000000 0.000000
vt -0.152225 0.100000 0.000000
vt -0.149353 0.000000 0.000000
vt -0.149353 0.100000 0.000000
vt -0.143609 0.000000 0.000000
vt -0.143609 0.100000 0.000000
vt -0.137864 0.000000 0.000000
vt -0.137864 0.100000 0.000000
vt -0.134992 0.000000 0.000000
vt -0.134992 0.100000 0.000000
vt -0.132120 0.000000 0.000000
vt -0.132120 0.100000 0.000000
vt -0.126376 0.000000 0.000000
vt -0.126376 0.100000 0.000000
vt -0.114887 0.000000 0.000000
vt -0.114887 0.100000 0.000000
vt -0.103398 0.000000 0.000000
vt -0.103398 0.100000 0.000000
vt -0.097654 0.000000 0.000000
vt -0.097654 0.100000 0.000000
vt -0.094782 0.000000 0.000000
vt -0.094782 0.100000 0.000000
vt -0.091910 0.000000 0.000000
vt -0.091910 0.100000 0.000000
vt -0.089037 0.000000 0.000000
vt -0.089037 0.100000 0.000000
vt -0.086165 0.000000 0.000000
vt -0.086165 0.100000 0.000000
vt -0.080421 0.000000 0.000000
vt -0.080421 0.100000 0.000000
vt -0.068932 0.000000 0.000000
vt -0.068932 0.100000 0.000000
vt -0.057443 0.000000 0.000000
vt -0.057443 0.100000 0.000000
vt -0.045955 0.000000 0.000000
vt -0.045955 0.100000 0.000000
vt -0.043083 0.000000 0.000000
vt -0.043083 0.100000 0.000000
vt -0.040210 0.000000 0.000000
vt -0.040210 0.100000 0.000000
vt -0.037338 0.000000 0.000000
vt -0.037338 0.100000 0.000000
vt -0.034466 0.000000 0.000000
vt -0.034466 0.100000 0.000000
vt -0.022977 0.000000 0.000000
vt -0.022977 0.100000 0.000000
vt -0.011489 0.000000 0.000000
vt -0.011489 0.100000 0.000000
vt -0.005744 0.000000 0.000000
vt -0.005744 0.100000 0.000000
vt 0.000000 0.000000 0.000000
vt 0.000000 0.100000 0.000000
vt -0.000000 0.000000 0.000000
vt 0.332309 0.000000 0.000000
vt -0.000000 0.100000 0.000000
vt 0.332309 0.100000 0.000000
vt -0.056713 0.000000 0.000000
vt -0.049624 0.000000 0.000000
vt -0.056713 0.100000 0.000000
vt -0.049624 0.100000 0.000000
vt -0.046079 0.000000 0.000000
vt -0.046079 0.100000 0.000000
vt -0.042534 0.000000 0.000000
vt -0.042534 0.100000 0.000000
vt -0.040762 0.000000 0.000000
vt -0.040762 0.100000 0.000000
vt -0.038990 0.000000 0.000000
vt -0.038990 0.100000 0.000000
vt -0.037218 0.000000 0.000000
vt -0.037218 0.100000 0.000000
vt -0.035445 0.000000 0.000000
vt -0.035445 0.100000 0.000000
vt -0.031901 0.000000 0.000000
vt -0.031901 0.100000 0.000000
vt -0.028356 0.000000 0.000000
vt -0.028356 0.100000 0.000000
vt -0.021267 0.000000 0.000000
vt -0.021267 0.100000 0.000000
vt -0.017723 0.000000 0.000000
vt -0.017723 0.100000 0.000000
vt -0.014178 0.000000 0.000000
vt -0.014178 0.100000 0.000000
vt -0.010634 0.000000 0.000000
vt -0.010634 0.100000 0.000000
vt -0.007089 0.000000 0.000000
vt -0.007089 0.100000 0.000000
vt 0.000000 0.000000 0.000000
vt 0.000000 0.100000 0.000000
vt 0.000000 0.000000 0.000000
vt 0.185371 0.000000 0.000000
vt 0.000000 0.100000 0.000000
vt 0.185371 0.100000 0.000000
vt -0.053704 0.000000 0.000000
vt -0.040278 0.000000 0.000000
vt -0.053704 0.100000 0.000000
vt -0.040278 0.100000 0.000000
vt -0.026852 0.000000 0.000000
vt -0.026852 0.100000 0.000000
vt 0.000000 0.000000 0.000000
vt 0.000000 0.100000 0.000000
vt 0.000000 0.000000 0.000000
vt 0.041388 0.000000 0.000000
vt 0.000000 0.100000 0.000000
vt 0.041388 0.100000 0.000000
vt -0.069635 0.100000 0.000000
vt -0.069635 0.000000 0.000000
vt -0.052226 0.050000 0.000000
vt -0.052226 0.000000 0.000000
vt -0.043522 0.000000 0.000000
vt -0.043522 0.050000 0.000000
vt -0.039170 0.000000 0.000000
vt -0.039170 0.050000 0.000000
vt -0.034818 0.000000 0.000000
vt -0.034818 0.050000 0.000000
vt -0.032642 0.000000 0.000000
vt -0.032642 0.050000 0.000000
vt -0.030465 0.000000 0.000000
vt -0.030465 0.050000 0.000000
vt -0.028289 0.000000 0.000000
vt -0.028289 0.050000 0.000000
vt -0.027201 0.000000 0.000000
vt -0.027201 0.050000 0.000000
vt -0.026113 0.000000 0.000000
vt -0.026113 0.050000 0.000000
vt -0.023937 0.000000 0.000000
vt -0.023937 0.050000 0.000000
vt -0.021761 0.000000 0.000000
vt -0.021761 0.050000 0.000000
vt -0.019585 0.000000 0.000000
vt -0.019585 0.050000 0.000000
vt -0.017409 0.000000 0.000000
vt -0.017409 0.050000 0.000000
vt -0.013057 0.000000 0.000000
vt -0.013057 0.050000 0.000000
vt -0.008704 0.000000 0.000000
vt -0.008704 0.050000 0.000000
vt 0.000000 0.000000 0.000000
vt 0.000000 0.100000 0.000000
vt -0.008704 0.100000 0.000000
vt -0.013057 0.100000 0.000000
vt -0.017409 0.100000 0.000000
vt -0.019585 0.100000 0.000000
vt -0.021761 0.100000 0.000000
vt -0.023937 0.100000 0.000000
vt -0.026113 0.100000 0.000000
vt -0.027201 0.100000 0.000000
vt -0.028289 0.100000 0.000000
vt -0.030465 0.100000 0.000000
vt -0.032642 0.100000 0.000000
vt -0.034818 0.100000 0.000000
vt -0.039170 0.100000 0.000000
vt -0.043522 0.100000 0.000000
vt -0.052226 0.100000 0.000000
vt 0.000000 0.000000 0.000000
vt 0.016747 0.000000 0.000000
vt 0.000000 0.100000 0.000000
vt 0.016747 0.100000 0.000000
vt 0.000000 0.000000 0.000000
vt 0.242159 0.000000 0.000000
vt 0.000000 0.100000 0.000000
vt 0.242159 0.100000 0.000000
vt -0.049601 0.000000 0.000000
vt -0.043401 0.000000 0.000000
vt -0.049601 0.100000 0.000000
vt -0.043401 0.100000 0.000000
vt -0.037201 0.000000 0.000000
vt -0.037201 0.100000 0.000000
vt -0.031001 0.000000 0.000000
vt -0.031001 0.100000 0.000000
vt -0.024801 0.000000 0.000000
vt -0.024801 0.100000 0.000000
vt -0.018601 0.000000 0.000000
vt -0.018601 0.100000 0.000000
vt -0.012400 0.000000 0.000000
vt -0.012400 0.100000 0.000000
vt -0.006200 0.000000 0.000000
vt -0.006200 0.100000 0.000000
vt 0.000000 0.000000 0.000000
vt 0.000000 0.100000 0.000000
vt -0.131053 0.148154 0.000000
vt -0.206769 0.135861 0.000000
vt -0.229448 -0.078068 0.000000
vt -0.345570 -0.166071 0.000000
vt -0.237833 -0.097173 0.000000
vt -0.242138 -0.111690 0.000000
vt -0.242680 -0.117228 0.000000
vt -0.265023 -0.161383 0.000000
vt -0.262254 -0.159316 0.000000
vt -0.128731 0.155607 0.000000
vt -0.197195 0.160472 0.000000
vt -0.197339 0.156070 0.000000
vt -0.198281 0.151400 0.000000
vt -0.124106 0.164133 0.000000
vt -0.199465 0.171983 0.000000
vt -0.197645 0.164601 0.000000
vt -0.117958 0.172639 0.000000
vt -0.173353 0.231154 0.000000
vt -0.178791 0.227827 0.000000
vt -0.200643 0.175182 0.000000
vt -0.184449 0.225741 0.000000
vt -0.202169 0.177989 0.000000
vt -0.203157 0.179226 0.000000
vt -0.190079 0.224712 0.000000
vt -0.204352 0.180344 0.000000
vt -0.205799 0.181334 0.000000
vt -0.195525 0.224578 0.000000
vt -0.207535 0.182192 0.000000
vt -0.200740 0.225239 0.000000
vt -0.211990 0.183493 0.000000
vt -0.217869 0.184234 0.000000
vt -0.234077 0.184037 0.000000
vt -0.442859 0.229642 0.000000
vt -0.419448 0.184037 0.000000
vt -0.444285 0.181750 0.000000
vt -0.460073 0.181959 0.000000
vt -0.459448 0.231932 0.000000
vt -0.479448 0.181932 0.000000
vt -0.479280 0.235008 0.000000
vt -0.501608 0.216888 0.000000
vt -0.490950 0.237393 0.000000
vt -0.496443 0.237844 0.000000
vt -0.168373 0.235865 0.000000
vt -0.111894 0.178939 0.000000
vt -0.163972 0.241981 0.000000
vt -0.109215 0.180736 0.000000
vt -0.093999 0.235923 0.000000
vt -0.106645 0.181670 0.000000
vt -0.092479 0.234093 0.000000
vt -0.090261 0.232405 0.000000
vt -0.100711 0.181916 0.000000
vt -0.087236 0.230870 0.000000
vt -0.091955 0.181668 0.000000
vt -0.083337 0.229493 0.000000
vt -0.079448 0.181932 0.000000
vt -0.072835 0.227209 0.000000
vt -0.058784 0.225532 0.000000
vt 0.166333 0.181932 0.000000
vt 0.320552 0.225532 0.000000
vt 0.181572 0.181801 0.000000
vt 0.186844 0.181933 0.000000
vt 0.188997 0.181806 0.000000
vt 0.190904 0.181380 0.000000
vt 0.191785 0.181010 0.000000
vt 0.192629 0.180512 0.000000
vt 0.289449 0.181167 0.000000
vt 0.292907 0.183206 0.000000
vt 0.194227 0.179079 0.000000
vt 0.286531 0.178455 0.000000
vt 0.195739 0.177003 0.000000
vt 0.284114 0.175189 0.000000
vt 0.197176 0.174272 0.000000
vt 0.199730 0.167133 0.000000
vt 0.277323 0.159688 0.000000
vt 0.201522 0.158520 0.000000
vt 0.270592 0.139991 0.000000
vt 0.202110 0.149099 0.000000
vt 0.201214 0.138603 0.000000
vt 0.261359 0.109653 0.000000
vt 0.198738 0.125937 0.000000
vt 0.194664 0.109780 0.000000
vt 0.188935 0.089208 0.000000
vt 0.237471 0.030797 0.000000
vt 0.181421 0.064030 0.000000
vt 0.171974 0.034720 0.000000
vt 0.160515 0.002266 0.000000
vt 0.209872 -0.048339 0.000000
vt 0.132071 -0.066425 0.000000
vt 0.190318 -0.093443 0.000000
vt 0.116008 -0.099434 0.000000
vt 0.167335 -0.140908 0.000000
vt 0.099862 -0.129422 0.000000
vt 0.156457 -0.162136 0.000000
vt 0.147012 -0.179830 0.000000
vt 0.084718 -0.155038 0.000000
vt 0.139229 -0.193472 0.000000
vt 0.132672 -0.203714 0.000000
vt 0.071586 -0.175323 0.000000
vt 0.121492 -0.219740 0.000000
vt 0.061176 -0.189870 0.000000
vt 0.119550 -0.223617 0.000000
vt 0.118366 -0.227516 0.000000
vt 0.053669 -0.198991 0.000000
vt 0.118124 -0.229465 0.000000
vt 0.118143 -0.231406 0.000000
vt 0.048527 -0.203842 0.000000
vt 0.118432 -0.233331 0.000000
vt 0.071697 -0.292097 0.000000
vt 0.118995 -0.235236 0.000000
vt 0.075340 -0.292633 0.000000
vt 0.120920 -0.238951 0.000000
vt 0.078899 -0.293938 0.000000
vt 0.123822 -0.242503 0.000000
vt 0.086615 -0.298191 0.000000
vt 0.131989 -0.249029 0.000000
vt 0.107915 -0.310446 0.000000
vt 0.155414 -0.261064 0.000000
vt 0.188545 -0.276753 0.000000
vt 0.185871 -0.355330 0.000000
vt 0.228569 -0.297279 0.000000
vt 0.267448 -0.317950 0.000000
vt 0.287224 -0.424110 0.000000
vt 0.302764 -0.338556 0.000000
vt 0.339499 -0.365035 0.000000
vt 0.377657 -0.397917 0.000000
vt 0.368556 -0.491556 0.000000
vt 0.394399 -0.414125 0.000000
vt 0.407894 -0.428686 0.000000
vt 0.417740 -0.441403 0.000000
vt 0.424608 -0.453182 0.000000
vt 0.433471 -0.478607 0.000000
vt 0.375499 -0.504039 0.000000
vt 0.383323 -0.513074 0.000000
vt 0.044617 -0.206124 0.000000
vt 0.067770 -0.292477 0.000000
vt 0.040713 -0.207329 0.000000
vt 0.063432 -0.293845 0.000000
vt 0.035969 -0.208046 0.000000
vt 0.053593 -0.299238 0.000000
vt -0.009641 -0.262381 0.000000
vt -0.009586 -0.264540 0.000000
vt -0.010009 -0.260254 0.000000
vt 0.029995 -0.208025 0.000000
vt -0.010702 -0.258166 0.000000
vt 0.022664 -0.206755 0.000000
vt -0.011729 -0.256123 0.000000
vt -0.014817 -0.252187 0.000000
vt 0.003788 -0.199346 0.000000
vt -0.019313 -0.248469 0.000000
vt -0.032608 -0.241733 0.000000
vt -0.204218 -0.137956 0.000000
vt -0.216108 -0.166071 0.000000
vt -0.221518 -0.162674 0.000000
vt -0.220083 -0.133338 0.000000
vt -0.227822 -0.160561 0.000000
vt -0.229643 -0.131192 0.000000
vt -0.242271 -0.158812 0.000000
vt -0.234008 -0.129738 0.000000
vt -0.237681 -0.127788 0.000000
vt -0.256234 -0.157673 0.000000
vt -0.239180 -0.126569 0.000000
vt -0.240426 -0.125158 0.000000
vt -0.241405 -0.123536 0.000000
vt -0.259329 -0.158124 0.000000
vt -0.242110 -0.121684 0.000000
vt -0.242535 -0.119586 0.000000
vt -0.094959 0.237881 0.000000
vt -0.160169 0.249446 0.000000
vt -0.095505 0.239953 0.000000
vt -0.095875 0.244378 0.000000
vt -0.501212 0.237463 0.000000
vt -0.506546 0.224581 0.000000
vt -0.505057 0.221581 0.000000
vt -0.507637 0.227844 0.000000
vt -0.503199 0.236925 0.000000
vt -0.507923 0.229490 0.000000
vt -0.507964 0.231088 0.000000
vt -0.504865 0.236153 0.000000
vt -0.507712 0.232593 0.000000
vt -0.506178 0.235160 0.000000
vt -0.506697 0.234585 0.000000
vt -0.507125 0.233963 0.000000
vt -0.200141 0.146470 0.000000
vt -0.353568 -0.182168 0.000000
vt -0.318055 -0.214817 0.000000
vt -0.287360 -0.199069 0.000000
vt -0.283183 -0.188505 0.000000
vt -0.339349 -0.215672 0.000000
vt -0.356501 -0.190016 0.000000
vt -0.346424 -0.214752 0.000000
vt -0.350313 -0.212800 0.000000
vt -0.348651 -0.213874 0.000000
vt -0.353081 -0.210296 0.000000
vt -0.358152 -0.197183 0.000000
vt -0.355887 -0.207247 0.000000
vt -0.357089 -0.205325 0.000000
vt -0.358298 -0.200302 0.000000
vt -0.357932 -0.203023 0.000000
vt -0.303346 -0.213657 0.000000
vt -0.290357 -0.204967 0.000000
vt -0.292293 -0.207489 0.000000
vt -0.294425 -0.209579 0.000000
vt -0.296634 -0.211203 0.000000
vt -0.298835 -0.212377 0.000000
vt -0.276772 -0.179028 0.000000
vt -0.267647 -0.164300 0.000000
vt -0.010357 -0.268924 0.000000
vt 0.033496 -0.314684 0.000000
vt -0.012185 -0.273335 0.000000
vt -0.018299 -0.281927 0.000000
vt 0.014035 -0.330598 0.000000
vt -0.026241 -0.289751 0.000000
vt 0.000787 -0.340542 0.000000
vt -0.041227 -0.302489 0.000000
vt -0.016339 -0.352683 0.000000
vt -0.048230 -0.308671 0.000000
vt -0.057629 -0.316514 0.000000
vt -0.037120 -0.366681 0.000000
vt -0.071640 -0.327100 0.000000
vt -0.060641 -0.381698 0.000000
vt -0.090984 -0.340563 0.000000
vt -0.114971 -0.356204 0.000000
vt -0.111745 -0.411156 0.000000
vt -0.142122 -0.372867 0.000000
vt -0.165066 -0.436798 0.000000
vt -0.199766 -0.404622 0.000000
vt -0.221373 -0.458747 0.000000
vt -0.257275 -0.430382 0.000000
vt -0.281838 -0.477879 0.000000
vt -0.315213 -0.450500 0.000000
vt -0.344033 -0.493381 0.000000
vt -0.372269 -0.467021 0.000000
vt -0.401922 -0.504392 0.000000
vt -0.397825 -0.474070 0.000000
vt -0.419654 -0.480132 0.000000
vt -0.426755 -0.508672 0.000000
vt -0.437199 -0.485055 0.000000
vt -0.447557 -0.512698 0.000000
vt -0.451169 -0.488783 0.000000
vt -0.463813 -0.516573 0.000000
vt -0.475371 -0.493790 0.000000
vt -0.475756 -0.519621 0.000000
vt -0.486383 -0.496921 0.000000
vt -0.480439 -0.520331 0.000000
vt -0.484502 -0.520163 0.000000
vt -0.486341 -0.519688 0.000000
vt -0.488062 -0.518937 0.000000
vt -0.489661 -0.517911 0.000000
vt -0.491121 -0.516625 0.000000
vt -0.492416 -0.515109 0.000000
vt -0.490664 -0.499258 0.000000
vt -0.493508 -0.513407 0.000000
vt -0.494357 -0.511567 0.000000
vt -0.494921 -0.509647 0.000000
vt -0.495158 -0.507702 0.000000
vt -0.492326 -0.500668 0.000000
vt -0.495034 -0.505788 0.000000
vt -0.493620 -0.502238 0.000000
vt -0.494525 -0.503954 0.000000
vt 0.387560 -0.516326 0.000000
vt 0.392005 -0.518768 0.000000
vt 0.396648 -0.520439 0.000000
vt 0.401472 -0.521391 0.000000
vt 0.435495 -0.492124 0.000000
vt 0.411480 -0.521318 0.000000
vt 0.416486 -0.520332 0.000000
vt 0.435419 -0.498434 0.000000
vt 0.421294 -0.518683 0.000000
vt 0.425696 -0.516302 0.000000
vt 0.434418 -0.504135 0.000000
vt 0.429471 -0.513111 0.000000
vt 0.432423 -0.509056 0.000000
vt 0.296878 0.184553 0.000000
vt 0.334067 0.185563 0.000000
vt 0.329267 0.226444 0.000000
vt 0.336616 0.226090 0.000000
vt 0.343056 0.225222 0.000000
vt 0.346272 0.225145 0.000000
vt 0.349750 0.225735 0.000000
vt 0.353680 0.227317 0.000000
vt 0.358205 0.230140 0.000000
vt 0.483847 0.188637 0.000000
vt 0.369078 0.239756 0.000000
vt 0.392167 0.267109 0.000000
vt 0.430552 0.281932 0.000000
vt 0.399939 0.278157 0.000000
vt 0.423958 0.287086 0.000000
vt 0.404279 0.285039 0.000000
vt 0.418160 0.290091 0.000000
vt 0.415588 0.290826 0.000000
vt 0.500049 0.219827 0.000000
vt 0.494092 0.189460 0.000000
vt 0.501767 0.218511 0.000000
vt 0.503323 0.216886 0.000000
vt 0.504708 0.214951 0.000000
vt 0.505901 0.212715 0.000000
vt 0.498153 0.190525 0.000000
vt 0.507561 0.207469 0.000000
vt 0.507905 0.204592 0.000000
vt 0.507817 0.201683 0.000000
vt 0.501490 0.192027 0.000000
vt 0.507207 0.198864 0.000000
vt 0.504098 0.193949 0.000000
vt 0.505990 0.196252 0.000000
vt 0.413266 0.291100 0.000000
vt 0.411225 0.290977 0.000000
vt 0.406810 0.288672 0.000000
vt 0.409489 0.290517 0.000000
vt 0.408042 0.289756 0.000000
vt -0.095745 0.254093 0.000000
vt -0.059448 0.521932 0.000000
vt -0.009448 0.471932 0.000000
vt 0.010812 0.512095 0.000000
vt -0.001316 0.475407 0.000000
vt 0.010452 0.480662 0.000000
vt 0.023411 0.487546 0.000000
vt 0.015243 0.512825 0.000000
vt 0.019636 0.512637 0.000000
vt 0.023921 0.511533 0.000000
vt 0.028740 0.491442 0.000000
vt 0.027915 0.509547 0.000000
vt 0.030807 0.493456 0.000000
vt 0.031265 0.506771 0.000000
vt 0.032387 0.495490 0.000000
vt 0.032541 0.505134 0.000000
vt 0.033457 0.503363 0.000000
vt 0.033440 0.497523 0.000000
vt 0.033947 0.501486 0.000000
vt 0.033954 0.499530 0.000000
vt 0.229448 -0.078068 0.000000
vt 0.206769 0.135861 0.000000
vt 0.131053 0.148154 0.000000
vt 0.200141 0.146470 0.000000
vt 0.198281 0.151400 0.000000
vt 0.345570 -0.166071 0.000000
vt 0.237833 -0.097173 0.000000
vt 0.242138 -0.111690 0.000000
vt 0.242680 -0.117228 0.000000
vt 0.265023 -0.161383 0.000000
vt 0.267647 -0.164300 0.000000
vt 0.262254 -0.159316 0.000000
vt 0.242535 -0.119586 0.000000
vt 0.242110 -0.121684 0.000000
vt 0.259329 -0.158124 0.000000
vt 0.241405 -0.123536 0.000000
vt 0.256234 -0.157673 0.000000
vt 0.240426 -0.125158 0.000000
vt 0.239180 -0.126569 0.000000
vt 0.237681 -0.127788 0.000000
vt 0.242271 -0.158812 0.000000
vt 0.234008 -0.129738 0.000000
vt 0.229643 -0.131192 0.000000
vt 0.227822 -0.160561 0.000000
vt 0.220083 -0.133338 0.000000
vt 0.221518 -0.162674 0.000000
vt 0.204218 -0.137956 0.000000
vt 0.216108 -0.166071 0.000000
vt 0.032608 -0.241733 0.000000
vt -0.003788 -0.199346 0.000000
vt 0.019313 -0.248469 0.000000
vt 0.014817 -0.252187 0.000000
vt -0.022664 -0.206755 0.000000
vt 0.011729 -0.256123 0.000000
vt 0.010702 -0.258166 0.000000
vt -0.029995 -0.208025 0.000000
vt 0.010009 -0.260254 0.000000
vt -0.035969 -0.208046 0.000000
vt 0.009641 -0.262381 0.000000
vt -0.053593 -0.299238 0.000000
vt 0.009586 -0.264540 0.000000
vt 0.010357 -0.268924 0.000000
vt -0.033496 -0.314684 0.000000
vt 0.012185 -0.273335 0.000000
vt 0.018299 -0.281927 0.000000
vt -0.014035 -0.330598 0.000000
vt 0.026241 -0.289751 0.000000
vt -0.000787 -0.340542 0.000000
vt 0.041227 -0.302489 0.000000
vt 0.016339 -0.352683 0.000000
vt 0.048230 -0.308671 0.000000
vt 0.057629 -0.316514 0.000000
vt 0.037120 -0.366681 0.000000
vt 0.071640 -0.327100 0.000000
vt 0.060641 -0.381698 0.000000
vt 0.090984 -0.340563 0.000000
vt 0.114971 -0.356204 0.000000
vt 0.111745 -0.411156 0.000000
vt 0.142122 -0.372867 0.000000
vt 0.165066 -0.436798 0.000000
vt 0.199766 -0.404622 0.000000
vt 0.221373 -0.458747 0.000000
vt 0.257275 -0.430382 0.000000
vt 0.281838 -0.477879 0.000000
vt 0.315213 -0.450500 0.000000
vt 0.344033 -0.493381 0.000000
vt 0.372269 -0.467021 0.000000
vt 0.401922 -0.504392 0.000000
vt 0.397825 -0.474070 0.000000
vt 0.419654 -0.480132 0.000000
vt 0.426755 -0.508672 0.000000
vt 0.437199 -0.485055 0.000000
vt 0.447557 -0.512698 0.000000
vt 0.451169 -0.488783 0.000000
vt 0.463813 -0.516573 0.000000
vt 0.475371 -0.493790 0.000000
vt 0.475756 -0.519621 0.000000
vt 0.486383 -0.496921 0.000000
vt 0.480439 -0.520331 0.000000
vt 0.484502 -0.520163 0.000000
vt -0.063432 -0.293845 0.000000
vt -0.040713 -0.207329 0.000000
vt -0.067770 -0.292477 0.000000
vt -0.044617 -0.206124 0.000000
vt -0.071697 -0.292097 0.000000
vt -0.048527 -0.203842 0.000000
vt -0.118432 -0.233331 0.000000
vt -0.118143 -0.231406 0.000000
vt -0.053669 -0.198991 0.000000
vt -0.118124 -0.229465 0.000000
vt -0.118366 -0.227516 0.000000
vt -0.061176 -0.189870 0.000000
vt -0.119550 -0.223617 0.000000
vt -0.121492 -0.219740 0.000000
vt -0.071586 -0.175323 0.000000
vt -0.132672 -0.203714 0.000000
vt -0.084718 -0.155038 0.000000
vt -0.139229 -0.193472 0.000000
vt -0.147012 -0.179830 0.000000
vt -0.099862 -0.129422 0.000000
vt -0.156457 -0.162136 0.000000
vt -0.167335 -0.140908 0.000000
vt -0.116008 -0.099434 0.000000
vt -0.190318 -0.093443 0.000000
vt -0.132071 -0.066425 0.000000
vt -0.209872 -0.048339 0.000000
vt -0.160515 0.002266 0.000000
vt -0.237471 0.030797 0.000000
vt -0.171974 0.034720 0.000000
vt -0.181421 0.064030 0.000000
vt -0.188935 0.089208 0.000000
vt -0.261359 0.109653 0.000000
vt -0.194664 0.109780 0.000000
vt -0.198738 0.125937 0.000000
vt -0.201214 0.138603 0.000000
vt -0.270592 0.139991 0.000000
vt -0.202110 0.149099 0.000000
vt -0.201522 0.158520 0.000000
vt -0.277323 0.159688 0.000000
vt -0.199730 0.167133 0.000000
vt -0.284114 0.175189 0.000000
vt -0.197176 0.174272 0.000000
vt -0.195739 0.177003 0.000000
vt -0.286531 0.178455 0.000000
vt -0.194227 0.179079 0.000000
vt -0.289449 0.181167 0.000000
vt -0.192629 0.180512 0.000000
vt -0.320552 0.225532 0.000000
vt -0.191785 0.181010 0.000000
vt -0.190904 0.181380 0.000000
vt -0.188997 0.181806 0.000000
vt -0.186844 0.181933 0.000000
vt -0.181572 0.181801 0.000000
vt -0.166333 0.181932 0.000000
vt 0.058784 0.225532 0.000000
vt 0.079448 0.181932 0.000000
vt 0.072835 0.227209 0.000000
vt 0.083337 0.229493 0.000000
vt 0.091955 0.181668 0.000000
vt 0.087236 0.230870 0.000000
vt 0.100711 0.181916 0.000000
vt 0.090261 0.232405 0.000000
vt 0.106645 0.181670 0.000000
vt 0.092479 0.234093 0.000000
vt 0.093999 0.235923 0.000000
vt 0.109215 0.180736 0.000000
vt 0.163972 0.241981 0.000000
vt 0.111894 0.178939 0.000000
vt 0.168373 0.235865 0.000000
vt 0.117958 0.172639 0.000000
vt 0.173353 0.231154 0.000000
vt 0.124106 0.164133 0.000000
vt 0.178791 0.227827 0.000000
vt 0.199465 0.171983 0.000000
vt 0.200643 0.175182 0.000000
vt 0.128731 0.155607 0.000000
vt 0.197645 0.164601 0.000000
vt 0.197195 0.160472 0.000000
vt 0.197339 0.156070 0.000000
vt 0.195525 0.224578 0.000000
vt 0.207535 0.182192 0.000000
vt 0.200740 0.225239 0.000000
vt 0.211990 0.183493 0.000000
vt 0.217869 0.184234 0.000000
vt 0.205799 0.181334 0.000000
vt 0.190079 0.224712 0.000000
vt 0.204352 0.180344 0.000000
vt 0.203157 0.179226 0.000000
vt 0.184449 0.225741 0.000000
vt 0.202169 0.177989 0.000000
vt 0.094959 0.237881 0.000000
vt 0.160169 0.249446 0.000000
vt 0.095505 0.239953 0.000000
vt 0.095875 0.244378 0.000000
vt 0.095745 0.254093 0.000000
vt 0.059448 0.521932 0.000000
vt 0.009448 0.471932 0.000000
vt -0.010812 0.512095 0.000000
vt 0.001316 0.475407 0.000000
vt -0.010452 0.480662 0.000000
vt -0.023411 0.487546 0.000000
vt -0.015243 0.512825 0.000000
vt -0.019636 0.512637 0.000000
vt -0.023921 0.511533 0.000000
vt -0.028740 0.491442 0.000000
vt -0.027915 0.509547 0.000000
vt -0.030807 0.493456 0.000000
vt -0.031265 0.506771 0.000000
vt -0.032387 0.495490 0.000000
vt -0.032541 0.505134 0.000000
vt -0.033457 0.503363 0.000000
vt -0.033440 0.497523 0.000000
vt -0.033947 0.501486 0.000000
vt -0.033954 0.499530 0.000000
vt -0.329267 0.226444 0.000000
vt -0.334067 0.185563 0.000000
vt -0.296878 0.184553 0.000000
vt -0.292907 0.183206 0.000000
vt -0.336616 0.226090 0.000000
vt -0.343056 0.225222 0.000000
vt -0.346272 0.225145 0.000000
vt -0.349750 0.225735 0.000000
vt -0.353680 0.227317 0.000000
vt -0.358205 0.230140 0.000000
vt -0.483847 0.188637 0.000000
vt -0.369078 0.239756 0.000000
vt -0.392167 0.267109 0.000000
vt -0.430552 0.281932 0.000000
vt -0.399939 0.278157 0.000000
vt -0.423958 0.287086 0.000000
vt -0.404279 0.285039 0.000000
vt -0.418160 0.290091 0.000000
vt -0.415588 0.290826 0.000000
vt -0.413266 0.291100 0.000000
vt -0.411225 0.290977 0.000000
vt -0.406810 0.288672 0.000000
vt -0.409489 0.290517 0.000000
vt -0.408042 0.289756 0.000000
vt -0.500049 0.219827 0.000000
vt -0.494092 0.189460 0.000000
vt -0.501767 0.218511 0.000000
vt -0.503323 0.216886 0.000000
vt -0.504708 0.214951 0.000000
vt -0.505901 0.212715 0.000000
vt -0.498153 0.190525 0.000000
vt -0.507561 0.207469 0.000000
vt -0.507905 0.204592 0.000000
vt -0.507817 0.201683 0.000000
vt -0.501490 0.192027 0.000000
vt -0.507207 0.198864 0.000000
vt -0.504098 0.193949 0.000000
vt -0.505990 0.196252 0.000000
vt -0.118995 -0.235236 0.000000
vt -0.075340 -0.292633 0.000000
vt -0.120920 -0.238951 0.000000
vt -0.078899 -0.293938 0.000000
vt -0.123822 -0.242503 0.000000
vt -0.086615 -0.298191 0.000000
vt -0.131989 -0.249029 0.000000
vt -0.107915 -0.310446 0.000000
vt -0.155414 -0.261064 0.000000
vt -0.188545 -0.276753 0.000000
vt -0.185871 -0.355330 0.000000
vt -0.228569 -0.297279 0.000000
vt -0.267448 -0.317950 0.000000
vt -0.287224 -0.424110 0.000000
vt -0.302764 -0.338556 0.000000
vt -0.339499 -0.365035 0.000000
vt -0.377657 -0.397917 0.000000
vt -0.368556 -0.491556 0.000000
vt -0.394399 -0.414125 0.000000
vt -0.407894 -0.428686 0.000000
vt -0.417740 -0.441403 0.000000
vt -0.424608 -0.453182 0.000000
vt -0.433471 -0.478607 0.000000
vt -0.435495 -0.492124 0.000000
vt -0.401472 -0.521391 0.000000
vt -0.396648 -0.520439 0.000000
vt -0.392005 -0.518768 0.000000
vt -0.435419 -0.498434 0.000000
vt -0.416486 -0.520332 0.000000
vt -0.411480 -0.521318 0.000000
vt -0.434418 -0.504135 0.000000
vt -0.425696 -0.516302 0.000000
vt -0.421294 -0.518683 0.000000
vt -0.432423 -0.509056 0.000000
vt -0.429471 -0.513111 0.000000
vt -0.387560 -0.516326 0.000000
vt -0.383323 -0.513074 0.000000
vt -0.375499 -0.504039 0.000000
vt 0.486341 -0.519688 0.000000
vt 0.488062 -0.518937 0.000000
vt 0.489661 -0.517911 0.000000
vt 0.491121 -0.516625 0.000000
vt 0.492416 -0.515109 0.000000
vt 0.490664 -0.499258 0.000000
vt 0.493508 -0.513407 0.000000
vt 0.494357 -0.511567 0.000000
vt 0.494921 -0.509647 0.000000
vt 0.495158 -0.507702 0.000000
vt 0.492326 -0.500668 0.000000
vt 0.495034 -0.505788 0.000000
vt 0.493620 -0.502238 0.000000
vt 0.494525 -0.503954 0.000000
vt 0.276772 -0.179028 0.000000
vt 0.283183 -0.188505 0.000000
vt 0.287360 -0.199069 0.000000
vt 0.290357 -0.204967 0.000000
vt 0.303346 -0.213657 0.000000
vt 0.318055 -0.214817 0.000000
vt 0.353568 -0.182168 0.000000
vt 0.339349 -0.215672 0.000000
vt 0.356501 -0.190016 0.000000
vt 0.346424 -0.214752 0.000000
vt 0.350313 -0.212800 0.000000
vt 0.348651 -0.213874 0.000000
vt 0.292293 -0.207489 0.000000
vt 0.294425 -0.209579 0.000000
vt 0.296634 -0.211203 0.000000
vt 0.298835 -0.212377 0.000000
vt 0.353081 -0.210296 0.000000
vt 0.358152 -0.197183 0.000000
vt 0.355887 -0.207247 0.000000
vt 0.357089 -0.205325 0.000000
vt 0.357932 -0.203023 0.000000
vt 0.358298 -0.200302 0.000000
vt 0.234077 0.184037 0.000000
vt 0.442859 0.229642 0.000000
vt 0.419448 0.184037 0.000000
vt 0.444285 0.181750 0.000000
vt 0.460073 0.181959 0.000000
vt 0.459448 0.231932 0.000000
vt 0.479448 0.181932 0.000000
vt 0.479280 0.235008 0.000000
vt 0.501608 0.216888 0.000000
vt 0.490950 0.237393 0.000000
vt 0.496443 0.237844 0.000000
vt 0.505057 0.221581 0.000000
vt 0.506546 0.224581 0.000000
vt 0.501212 0.237463 0.000000
vt 0.507637 0.227844 0.000000
vt 0.503199 0.236925 0.000000
vt 0.507923 0.229490 0.000000
vt 0.507964 0.231088 0.000000
vt 0.504865 0.236153 0.000000
vt 0.507712 0.232593 0.000000
vt 0.506178 0.235160 0.000000
vt 0.506697 0.234585 0.000000
vt 0.507125 0.233963 0.000000
vn 0.422167 0.906518 -0.000000
vn 0.202558 0.979270 -0.000000
vn 0.422167 0.906518 -0.000000
vn 0.202558 0.979270 -0.000000
vn 0.265131 0.964212 -0.000000
vn 0.265131 0.964212 -0.000000
vn 0.380024 0.924977 -0.000000
vn 0.380024 0.924977 -0.000000
vn 0.572292 0.820050 -0.000000
vn 0.572292 0.820050 -0.000000
vn 0.690164 0.723653 -0.000000
vn 0.690164 0.723653 -0.000000
vn 0.805242 0.592946 -0.000000
vn 0.805242 0.592946 -0.000000
vn 0.899407 0.437112 -0.000000
vn 0.899407 0.437112 -0.000000
vn 0.961313 0.275460 -0.000000
vn 0.961313 0.275460 -0.000000
vn 0.991894 0.127069 -0.000000
vn 0.991894 0.127069 -0.000000
vn 0.999998 0.002225 -0.000000
vn 0.999998 0.002225 -0.000000
vn 0.984420 -0.175834 0.000000
vn 0.984420 -0.175834 0.000000
vn 0.935005 -0.354634 0.000000
vn 0.935005 -0.354634 0.000000
vn 0.899696 -0.436518 0.000000
vn 0.899696 -0.436518 0.000000
vn 0.283068 0.959100 -0.000000
vn 0.283068 0.959100 -0.000000
vn 0.283068 0.959100 -0.000000
vn 0.283068 0.959100 -0.000000
vn -0.044371 -0.999015 0.000000
vn 0.031772 -0.999495 0.000000
vn -0.044371 -0.999015 0.000000
vn 0.031772 -0.999495 0.000000
vn -0.010221 -0.999948 0.000000
vn -0.010221 -0.999948 0.000000
vn -0.123938 -0.992290 0.000000
vn -0.123938 -0.992290 0.000000
vn -0.326709 -0.945125 0.000000
vn -0.326709 -0.945125 0.000000
vn -0.447864 -0.894102 0.000000
vn -0.447864 -0.894102 0.000000
vn -0.565203 -0.824952 0.000000
vn -0.565203 -0.824952 0.000000
vn -0.747812 -0.663910 0.000000
vn -0.747812 -0.663910 0.000000
vn -0.852702 -0.522397 0.000000
vn -0.852702 -0.522397 0.000000
vn -0.908934 -0.416941 0.000000
vn -0.908934 -0.416941 0.000000
vn -0.962961 -0.269641 0.000000
vn -0.962961 -0.269641 0.000000
vn -0.990548 -0.137165 0.000000
vn -0.990548 -0.137165 0.000000
vn -0.999918 0.012826 0.000000
vn -0.999918 0.012826 0.000000
vn -0.989236 0.146327 0.000000
vn -0.989236 0.146327 0.000000
vn -0.974481 0.224471 0.000000
vn -0.974481 0.224471 0.000000
vn -0.966060 0.258316 0.000000
vn -0.966060 0.258316 0.000000
vn -0.960950 0.276722 0.000000
vn -0.960950 0.276722 0.000000
vn -0.955416 0.295262 0.000000
vn -0.955416 0.295262 0.000000
vn -0.947869 0.318661 0.000000
vn -0.947869 0.318661 0.000000
vn -0.937602 0.347711 0.000000
vn -0.937602 0.347711 0.000000
vn -0.908058 0.418845 0.000000
vn -0.908058 0.418845 0.000000
vn -0.889828 0.456295 0.000000
vn -0.889828 0.456295 0.000000
vn -0.870543 0.492093 0.000000
vn -0.870543 0.492093 0.000000
vn -0.850134 0.526566 0.000000
vn -0.850134 0.526566 0.000000
vn -0.826902 0.562347 0.000000
vn -0.826902 0.562347 0.000000
vn -0.795162 0.606398 0.000000
vn -0.795162 0.606398 0.000000
vn -0.736832 0.676076 0.000000
vn -0.736832 0.676076 0.000000
vn -0.604594 0.796534 0.000000
vn -0.604594 0.796534 0.000000
vn -0.385475 0.922718 0.000000
vn -0.385475 0.922718 0.000000
vn -0.219275 0.975663 0.000000
vn -0.219275 0.975663 0.000000
vn -0.080854 0.996726 0.000000
vn -0.080854 0.996726 0.000000
vn 0.085240 0.996360 -0.000000
vn 0.085240 0.996360 -0.000000
vn 0.244708 0.969597 -0.000000
vn 0.244708 0.969597 -0.000000
vn 0.446908 0.894580 -0.000000
vn 0.446908 0.894580 -0.000000
vn 0.000000 -1.000000 0.000000
vn 0.000000 -1.000000 0.000000
vn 0.000000 -1.000000 0.000000
vn 0.000000 -1.000000 0.000000
vn 0.986839 -0.161709 0.000000
vn 0.916491 -0.400056 0.000000
vn 0.986839 -0.161709 0.000000
vn 0.916491 -0.400056 0.000000
vn 0.843683 -0.536841 0.000000
vn 0.843683 -0.536841 0.000000
vn 0.773582 -0.633696 0.000000
vn 0.773582 -0.633696 0.000000
vn 0.630637 -0.776078 0.000000
vn 0.630637 -0.776078 0.000000
vn 0.459200 -0.888333 0.000000
vn 0.459200 -0.888333 0.000000
vn 0.214555 -0.976712 0.000000
vn 0.214555 -0.976712 0.000000
vn -0.039189 -0.999232 0.000000
vn -0.039189 -0.999232 0.000000
vn -0.005988 -0.999982 0.000000
vn -0.005988 -0.999982 0.000000
vn 0.042099 -0.999113 0.000000
vn 0.042099 -0.999113 0.000000
vn 0.917014 -0.398856 0.000000
vn 0.917014 -0.398856 0.000000
vn 0.917014 -0.398856 0.000000
vn 0.917014 -0.398856 0.000000
vn -0.937973 0.346709 0.000000
vn -0.937973 0.346709 0.000000
vn -0.937973 0.346709 0.000000
vn -0.937973 0.346709 0.000000
vn 0.138650 0.990341 -0.000000
vn 0.138650 0.990341 -0.000000
vn 0.138650 0.990341 -0.000000
vn 0.138650 0.990341 -0.000000
vn 0.389479 -0.921035 0.000000
vn 0.396479 -0.918044 0.000000
vn 0.389479 -0.921035 0.000000
vn 0.396479 -0.918044 0.000000
vn 0.424722 -0.905324 0.000000
vn 0.424722 -0.905324 0.000000
vn 0.535238 -0.844702 0.000000
vn 0.535238 -0.844702 0.000000
vn 0.657116 -0.753789 0.000000
vn 0.657116 -0.753789 0.000000
vn 0.741886 -0.670527 0.000000
vn 0.741886 -0.670527 0.000000
vn 0.839106 -0.543968 0.000000
vn 0.839106 -0.543968 0.000000
vn 0.932665 -0.360744 0.000000
vn 0.932665 -0.360744 0.000000
vn 0.992265 -0.124138 0.000000
vn 0.992265 -0.124138 0.000000
vn 0.991179 0.132529 -0.000000
vn 0.991179 0.132529 -0.000000
vn 0.931613 0.363451 -0.000000
vn 0.931613 0.363451 -0.000000
vn 0.839043 0.544066 -0.000000
vn 0.839043 0.544066 -0.000000
vn 0.736961 0.675935 -0.000000
vn 0.736961 0.675935 -0.000000
vn 0.539727 0.841840 -0.000000
vn 0.539727 0.841840 -0.000000
vn 0.348336 0.937370 -0.000000
vn 0.348336 0.937370 -0.000000
vn 0.147119 0.989119 -0.000000
vn 0.147119 0.989119 -0.000000
vn -0.061346 0.998117 0.000000
vn -0.061346 0.998117 0.000000
vn -0.258110 0.966116 0.000000
vn -0.258110 0.966116 0.000000
vn 0.929707 -0.368300 0.000000
vn 0.929707 -0.368300 0.000000
vn 0.929707 -0.368300 0.000000
vn 0.929707 -0.368300 0.000000
vn 0.087082 0.996201 -0.000000
vn 0.158672 0.987331 -0.000000
vn 0.087082 0.996201 -0.000000
vn 0.158672 0.987331 -0.000000
vn 0.286097 0.958201 -0.000000
vn 0.286097 0.958201 -0.000000
vn 0.388485 0.921455 -0.000000
vn 0.388485 0.921455 -0.000000
vn 0.526165 0.850382 -0.000000
vn 0.526165 0.850382 -0.000000
vn 0.689877 0.723927 -0.000000
vn 0.689877 0.723927 -0.000000
vn 0.841796 0.539796 -0.000000
vn 0.841796 0.539796 -0.000000
vn 0.940476 0.339859 -0.000000
vn 0.940476 0.339859 -0.000000
vn 0.983875 0.178859 -0.000000
vn 0.983875 0.178859 -0.000000
vn 0.999791 0.020444 -0.000000
vn 0.999791 0.020444 -0.000000
vn 0.999677 -0.025401 0.000000
vn 0.999677 -0.025401 0.000000
vn 0.000000 1.000000 0.000000
vn 0.000000 1.000000 0.000000
vn 0.000000 1.000000 0.000000
vn 0.000000 1.000000 0.000000
vn 0.666333 0.745654 -0.000000
vn 0.548584 0.836096 -0.000000
vn 0.666333 0.745654 -0.000000
vn 0.548584 0.836096 -0.000000
vn 0.342977 0.939344 -0.000000
vn 0.342977 0.939344 -0.000000
vn 0.198065 0.980189 -0.000000
vn 0.198065 0.980189 -0.000000
vn 0.029316 0.999570 -0.000000
vn 0.029316 0.999570 -0.000000
vn -0.157039 0.987592 0.000000
vn -0.157039 0.987592 0.000000
vn -0.360305 0.932834 0.000000
vn -0.360305 0.932834 0.000000
vn -0.568746 0.822513 0.000000
vn -0.568746 0.822513 0.000000
vn -0.736594 0.676335 0.000000
vn -0.736594 0.676335 0.000000
vn -0.851266 0.524735 0.000000
vn -0.851266 0.524735 0.000000
vn -0.835030 0.550205 0.000000
vn -0.835030 0.550205 0.000000
vn -0.802512 0.596636 0.000000
vn -0.802512 0.596636 0.000000
vn -0.711566 0.702620 0.000000
vn -0.711566 0.702620 0.000000
vn -0.584964 0.811059 0.000000
vn -0.584964 0.811059 0.000000
vn -0.458096 0.888903 0.000000
vn -0.458096 0.888903 0.000000
vn -0.271329 0.962487 0.000000
vn -0.271329 0.962487 0.000000
vn -0.060081 0.998194 0.000000
vn -0.060081 0.998194 0.000000
vn 0.093669 0.995603 -0.000000
vn 0.093669 0.995603 -0.000000
vn 0.120226 0.992746 -0.000000
vn 0.120226 0.992746 -0.000000
vn -0.028148 0.999604 0.000000
vn -0.028148 0.999604 0.000000
vn -0.168417 0.985716 0.000000
vn -0.168417 0.985716 0.000000
vn 0.666333 0.745654 -0.000000
vn 0.666333 0.745654 -0.000000
vn -0.003609 -0.999993 0.000000
vn 0.188106 -0.982149 0.000000
vn -0.003609 -0.999993 0.000000
vn 0.188106 -0.982149 0.000000
vn 0.327976 -0.944686 0.000000
vn 0.327976 -0.944686 0.000000
vn 0.500022 -0.866013 0.000000
vn 0.500022 -0.866013 0.000000
vn 0.686710 -0.726932 0.000000
vn 0.686710 -0.726932 0.000000
vn 0.848035 -0.529941 0.000000
vn 0.848035 -0.529941 0.000000
vn 0.949852 -0.312698 0.000000
vn 0.949852 -0.312698 0.000000
vn 0.993355 -0.115092 0.000000
vn 0.993355 -0.115092 0.000000
vn 0.998799 0.048990 -0.000000
vn 0.998799 0.048990 -0.000000
vn 0.982762 0.184876 -0.000000
vn 0.982762 0.184876 -0.000000
vn 0.909453 0.415807 -0.000000
vn 0.909453 0.415807 -0.000000
vn 0.850056 0.526692 -0.000000
vn 0.850056 0.526692 -0.000000
vn 0.770560 0.637368 -0.000000
vn 0.770560 0.637368 -0.000000
vn 0.668061 0.744107 -0.000000
vn 0.668061 0.744107 -0.000000
vn 0.542991 0.839739 -0.000000
vn 0.542991 0.839739 -0.000000
vn 0.020519 -0.999789 0.000000
vn 0.020519 -0.999789 0.000000
vn 0.020519 -0.999789 0.000000
vn 0.020519 -0.999789 0.000000
vn -0.909452 -0.415809 0.000000
vn -0.824277 -0.566186 0.000000
vn -0.909452 -0.415809 0.000000
vn -0.824277 -0.566186 0.000000
vn -0.664031 -0.747705 0.000000
vn -0.664031 -0.747705 0.000000
vn -0.547530 -0.836786 0.000000
vn -0.547530 -0.836786 0.000000
vn -0.410816 -0.911718 0.000000
vn -0.410816 -0.911718 0.000000
vn -0.265169 -0.964202 0.000000
vn -0.265169 -0.964202 0.000000
vn -0.123321 -0.992367 0.000000
vn -0.123321 -0.992367 0.000000
vn 0.131272 -0.991346 0.000000
vn 0.131272 -0.991346 0.000000
vn 0.256034 -0.966668 0.000000
vn 0.256034 -0.966668 0.000000
vn 0.395969 -0.918264 0.000000
vn 0.395969 -0.918264 0.000000
vn 0.558060 -0.829801 0.000000
vn 0.558060 -0.829801 0.000000
vn 0.729424 -0.684062 0.000000
vn 0.729424 -0.684062 0.000000
vn 0.874828 -0.484434 0.000000
vn 0.874828 -0.484434 0.000000
vn 0.962896 -0.269871 0.000000
vn 0.962896 -0.269871 0.000000
vn 0.996322 -0.085685 0.000000
vn 0.996322 -0.085685 0.000000
vn 0.998620 0.052520 -0.000000
vn 0.998620 0.052520 -0.000000
vn 0.974773 0.223200 -0.000000
vn 0.974773 0.223200 -0.000000
vn 0.897961 0.440076 -0.000000
vn 0.897961 0.440076 -0.000000
vn 0.827039 0.562144 -0.000000
vn 0.827039 0.562144 -0.000000
vn 0.759008 0.651081 -0.000000
vn 0.759008 0.651081 -0.000000
vn 0.712514 0.701658 -0.000000
vn 0.712514 0.701658 -0.000000
vn 0.680633 0.732624 -0.000000
vn 0.680633 0.732624 -0.000000
vn 0.622588 0.782549 -0.000000
vn 0.622588 0.782549 -0.000000
vn 0.540344 0.841444 -0.000000
vn 0.540344 0.841444 -0.000000
vn 0.477480 0.878643 -0.000000
vn 0.477480 0.878643 -0.000000
vn 0.464737 0.885449 -0.000000
vn 0.464737 0.885449 -0.000000
vn 0.443452 0.896298 -0.000000
vn 0.443452 0.896298 -0.000000
vn 0.417886 0.908499 -0.000000
vn 0.417886 0.908499 -0.000000
vn 0.544991 0.838442 -0.000000
vn 0.544991 0.838442 -0.000000
vn 0.718849 0.695166 -0.000000
vn 0.718849 0.695166 -0.000000
vn 0.831276 0.555861 -0.000000
vn 0.831276 0.555861 -0.000000
vn 0.937966 0.346728 -0.000000
vn 0.937966 0.346728 -0.000000
vn 0.976133 0.217173 -0.000000
vn 0.976133 0.217173 -0.000000
vn 0.996892 0.078778 -0.000000
vn 0.996892 0.078778 -0.000000
vn 0.998293 -0.058410 0.000000
vn 0.998293 -0.058410 0.000000
vn 0.982868 -0.184313 0.000000
vn 0.982868 -0.184313 0.000000
vn 0.924732 -0.380619 0.000000
vn 0.924732 -0.380619 0.000000
vn 0.864810 -0.502099 0.000000
vn 0.864810 -0.502099 0.000000
vn 0.824354 -0.566074 0.000000
vn 0.824354 -0.566074 0.000000
vn 0.857200 -0.514983 0.000000
vn 0.857200 -0.514983 0.000000
vn 0.876652 -0.481126 0.000000
vn 0.876652 -0.481126 0.000000
vn 0.886424 -0.462874 0.000000
vn 0.886424 -0.462874 0.000000
vn 0.893111 -0.449837 0.000000
vn 0.893111 -0.449837 0.000000
vn 0.907712 -0.419593 0.000000
vn 0.907712 -0.419593 0.000000
vn 0.928209 -0.372058 0.000000
vn 0.928209 -0.372058 0.000000
vn 0.953702 -0.300752 0.000000
vn 0.953702 -0.300752 0.000000
vn 0.958818 -0.284023 0.000000
vn 0.958818 -0.284023 0.000000
vn 0.952219 -0.305415 0.000000
vn 0.952219 -0.305415 0.000000
vn 0.939967 -0.341264 0.000000
vn 0.939967 -0.341264 0.000000
vn 0.846131 -0.532975 0.000000
vn 0.846131 -0.532975 0.000000
vn 0.750556 -0.660807 0.000000
vn 0.750556 -0.660807 0.000000
vn 0.599712 -0.800216 0.000000
vn 0.599712 -0.800216 0.000000
vn 0.412447 -0.910982 0.000000
vn 0.412447 -0.910982 0.000000
vn 0.236251 -0.971692 0.000000
vn 0.236251 -0.971692 0.000000
vn 0.061023 -0.998136 0.000000
vn 0.061023 -0.998136 0.000000
vn -0.638336 -0.769758 0.000000
vn -0.638336 -0.769758 0.000000
vn -0.638336 -0.769758 0.000000
vn -0.638336 -0.769758 0.000000
vn -0.561529 -0.827457 0.000000
vn -0.561529 -0.827457 0.000000
vn -0.561529 -0.827457 0.000000
vn -0.561529 -0.827457 0.000000
vn -0.498964 -0.866622 0.000000
vn -0.498964 -0.866622 0.000000
vn -0.498964 -0.866622 0.000000
vn -0.498964 -0.866622 0.000000
vn -0.361146 -0.932509 0.000000
vn -0.568819 -0.822463 0.000000
vn -0.361146 -0.932509 0.000000
vn -0.568819 -0.822463 0.000000
vn -0.711077 -0.703114 0.000000
vn -0.711077 -0.703114 0.000000
vn -0.860177 -0.509996 0.000000
vn -0.860177 -0.509996 0.000000
vn -0.923446 -0.383728 0.000000
vn -0.923446 -0.383728 0.000000
vn -0.969974 -0.243209 0.000000
vn -0.969974 -0.243209 0.000000
vn -0.995268 -0.097164 0.000000
vn -0.995268 -0.097164 0.000000
vn -0.999004 0.044620 0.000000
vn -0.999004 0.044620 0.000000
vn -0.957724 0.287688 0.000000
vn -0.957724 0.287688 0.000000
vn -0.886059 0.463572 0.000000
vn -0.886059 0.463572 0.000000
vn -0.748499 0.663136 0.000000
vn -0.748499 0.663136 0.000000
vn -0.664333 0.747437 0.000000
vn -0.664333 0.747437 0.000000
vn -0.658190 0.752852 0.000000
vn -0.658190 0.752852 0.000000
vn -0.657903 0.753103 0.000000
vn -0.657903 0.753103 0.000000
vn -0.622732 0.782435 0.000000
vn -0.622732 0.782435 0.000000
vn -0.586339 0.810066 0.000000
vn -0.586339 0.810066 0.000000
vn -0.558418 0.829560 0.000000
vn -0.558418 0.829560 0.000000
vn -0.534870 0.844934 0.000000
vn -0.534870 0.844934 0.000000
vn -0.511143 0.859496 0.000000
vn -0.511143 0.859496 0.000000
vn -0.449171 0.893446 0.000000
vn -0.449171 0.893446 0.000000
vn -0.365830 0.930682 0.000000
vn -0.365830 0.930682 0.000000
vn -0.295780 0.955256 0.000000
vn -0.295780 0.955256 0.000000
vn -0.266975 0.963704 0.000000
vn -0.266975 0.963704 0.000000
vn -0.265969 0.963982 0.000000
vn -0.265969 0.963982 0.000000
vn -0.269608 0.962970 0.000000
vn -0.269608 0.962970 0.000000
vn -0.268335 0.963326 0.000000
vn -0.268335 0.963326 0.000000
vn -0.240301 0.970699 0.000000
vn -0.240301 0.970699 0.000000
vn -0.203289 0.979119 0.000000
vn -0.203289 0.979119 0.000000
vn -0.387584 0.921834 0.000000
vn -0.387584 0.921834 0.000000
vn -0.586270 0.810116 0.000000
vn -0.586270 0.810116 0.000000
vn -0.709258 0.704949 0.000000
vn -0.709258 0.704949 0.000000
vn -0.831071 0.556166 0.000000
vn -0.831071 0.556166 0.000000
vn -0.929465 0.368909 0.000000
vn -0.929465 0.368909 0.000000
vn -0.986405 0.164333 0.000000
vn -0.986405 0.164333 0.000000
vn -0.999493 -0.031844 0.000000
vn -0.999493 -0.031844 0.000000
vn -0.978773 -0.204949 0.000000
vn -0.978773 -0.204949 0.000000
vn -0.935543 -0.353214 0.000000
vn -0.935543 -0.353214 0.000000
vn -0.876437 -0.481517 0.000000
vn -0.876437 -0.481517 0.000000
vn -0.803009 -0.595966 0.000000
vn -0.803009 -0.595966 0.000000
vn -0.713189 -0.700972 0.000000
vn -0.713189 -0.700972 0.000000
vn -0.603423 -0.797421 0.000000
vn -0.603423 -0.797421 0.000000
vn -0.472255 -0.881462 0.000000
vn -0.472255 -0.881462 0.000000
vn -0.325086 -0.945684 0.000000
vn -0.325086 -0.945684 0.000000
vn -0.175434 -0.984491 0.000000
vn -0.175434 -0.984491 0.000000
vn 0.070971 -0.997478 0.000000
vn 0.070971 -0.997478 0.000000
vn 0.206734 -0.978397 0.000000
vn 0.206734 -0.978397 0.000000
vn 0.253331 -0.967380 0.000000
vn 0.253331 -0.967380 0.000000
vn 0.209827 -0.977739 0.000000
vn 0.209827 -0.977739 0.000000
vn 0.175575 -0.984466 0.000000
vn 0.175575 -0.984466 0.000000
vn 0.168794 -0.985651 0.000000
vn 0.168794 -0.985651 0.000000
vn 0.211307 -0.977420 0.000000
vn 0.211307 -0.977420 0.000000
vn 0.272164 -0.962251 0.000000
vn 0.272164 -0.962251 0.000000
vn 0.331434 -0.943478 0.000000
vn 0.331434 -0.943478 0.000000
vn 0.397250 -0.917710 0.000000
vn 0.397250 -0.917710 0.000000
vn 0.468654 -0.883382 0.000000
vn 0.468654 -0.883382 0.000000
vn 0.526896 -0.849930 0.000000
vn 0.526896 -0.849930 0.000000
vn 0.548960 -0.835849 0.000000
vn 0.548960 -0.835849 0.000000
vn 0.568653 -0.822578 0.000000
vn 0.568653 -0.822578 0.000000
vn 0.589106 -0.808056 0.000000
vn 0.589106 -0.808056 0.000000
vn 0.613256 -0.789884 0.000000
vn 0.613256 -0.789884 0.000000
vn 0.641435 -0.767178 0.000000
vn 0.641435 -0.767178 0.000000
vn 0.548579 -0.836099 0.000000
vn 0.548579 -0.836099 0.000000
vn 0.377084 -0.926179 0.000000
vn 0.377084 -0.926179 0.000000
vn 0.206750 -0.978394 0.000000
vn 0.206750 -0.978394 0.000000
vn -0.025872 -0.999665 0.000000
vn -0.025872 -0.999665 0.000000
vn -0.257174 -0.966365 0.000000
vn -0.257174 -0.966365 0.000000
vn -0.414017 -0.910269 0.000000
vn -0.414017 -0.910269 0.000000
vn -0.513280 -0.858221 0.000000
vn -0.513280 -0.858221 0.000000
vn -0.477072 -0.878864 0.000000
vn -0.477072 -0.878864 0.000000
vn -0.381192 -0.924496 0.000000
vn -0.381192 -0.924496 0.000000
vn -0.381192 -0.924496 0.000000
vn -0.381192 -0.924496 0.000000
vn -0.869963 0.493116 0.000000
vn -0.921255 0.388960 0.000000
vn -0.869963 0.493116 0.000000
vn -0.921255 0.388960 0.000000
vn -0.953700 0.300759 0.000000
vn -0.953700 0.300759 0.000000
vn -0.992937 0.118641 0.000000
vn -0.992937 0.118641 0.000000
vn -0.999308 -0.037189 0.000000
vn -0.999308 -0.037189 0.000000
vn -0.971099 -0.238675 0.000000
vn -0.971099 -0.238675 0.000000
vn -0.894745 -0.446577 0.000000
vn -0.894745 -0.446577 0.000000
vn -0.798300 -0.602260 0.000000
vn -0.798300 -0.602260 0.000000
vn -0.696144 -0.717902 0.000000
vn -0.696144 -0.717902 0.000000
vn -0.612539 -0.790440 0.000000
vn -0.612539 -0.790440 0.000000
vn -0.462662 -0.886535 0.000000
vn -0.462662 -0.886535 0.000000
vn -0.277977 -0.960588 0.000000
vn -0.277977 -0.960588 0.000000
vn -0.035315 -0.999376 0.000000
vn -0.035315 -0.999376 0.000000
vn 0.068213 -0.997671 0.000000
vn 0.068213 -0.997671 0.000000
vn 0.155614 -0.987818 0.000000
vn 0.155614 -0.987818 0.000000
vn 0.404133 -0.914700 0.000000
vn 0.404133 -0.914700 0.000000
vn 0.532262 -0.846580 0.000000
vn 0.532262 -0.846580 0.000000
vn 0.647169 -0.762347 0.000000
vn 0.647169 -0.762347 0.000000
vn 0.748455 -0.663186 0.000000
vn 0.748455 -0.663186 0.000000
vn 0.832697 -0.553729 0.000000
vn 0.832697 -0.553729 0.000000
vn 0.929945 -0.367698 0.000000
vn 0.929945 -0.367698 0.000000
vn 0.867842 -0.496840 0.000000
vn 0.867842 -0.496840 0.000000
vn 0.850295 -0.526306 0.000000
vn 0.850295 -0.526306 0.000000
vn 0.789478 -0.613779 0.000000
vn 0.789478 -0.613779 0.000000
vn 0.681965 -0.731385 0.000000
vn 0.681965 -0.731385 0.000000
vn 0.494345 -0.869266 0.000000
vn 0.494345 -0.869266 0.000000
vn 0.253732 -0.967275 0.000000
vn 0.253732 -0.967275 0.000000
vn 0.048165 -0.998839 0.000000
vn 0.048165 -0.998839 0.000000
vn -0.090209 -0.995923 0.000000
vn -0.090209 -0.995923 0.000000
vn -0.221924 -0.975064 0.000000
vn -0.221924 -0.975064 0.000000
vn -0.422622 -0.906306 0.000000
vn -0.422622 -0.906306 0.000000
vn -0.634496 -0.772926 0.000000
vn -0.634496 -0.772926 0.000000
vn -0.908590 0.417689 0.000000
vn -0.908590 0.417689 0.000000
vn -0.908590 0.417689 0.000000
vn -0.908590 0.417689 0.000000
vn 0.067790 -0.997700 0.000000
vn -0.069216 -0.997602 0.000000
vn 0.067790 -0.997700 0.000000
vn -0.069216 -0.997602 0.000000
vn -0.194608 -0.980881 0.000000
vn -0.194608 -0.980881 0.000000
vn -0.385229 -0.922821 0.000000
vn -0.385229 -0.922821 0.000000
vn -0.503857 -0.863787 0.000000
vn -0.503857 -0.863787 0.000000
vn -0.625995 -0.779827 0.000000
vn -0.625995 -0.779827 0.000000
vn -0.736025 -0.676955 0.000000
vn -0.736025 -0.676955 0.000000
vn -0.821743 -0.569858 0.000000
vn -0.821743 -0.569858 0.000000
vn -0.917205 -0.398415 0.000000
vn -0.917205 -0.398415 0.000000
vn -0.952517 -0.304487 0.000000
vn -0.952517 -0.304487 0.000000
vn -0.986250 -0.165261 0.000000
vn -0.986250 -0.165261 0.000000
vn -0.998985 -0.045048 0.000000
vn -0.998985 -0.045048 0.000000
vn -0.993613 0.112840 0.000000
vn -0.993613 0.112840 0.000000
vn -0.960637 0.277808 0.000000
vn -0.960637 0.277808 0.000000
vn -0.907529 0.419989 0.000000
vn -0.907529 0.419989 0.000000
vn -0.791444 0.611242 0.000000
vn -0.791444 0.611242 0.000000
vn 0.000000 -1.000000 0.000000
vn 0.000000 -1.000000 0.000000
vn 0.000000 -1.000000 0.000000
vn 0.000000 -1.000000 0.000000
vn 0.048704 -0.998813 0.000000
vn -0.042507 -0.999096 0.000000
vn 0.048704 -0.998813 0.000000
vn -0.042507 -0.999096 0.000000
vn 0.088932 -0.996038 0.000000
vn 0.088932 -0.996038 0.000000
vn -0.154577 -0.987981 0.000000
vn -0.154577 -0.987981 0.000000
vn -0.844588 -0.535417 0.000000
vn -0.844588 -0.535417 0.000000
vn -0.844588 -0.535417 0.000000
vn -0.844588 -0.535417 0.000000
vn -0.017507 0.999847 0.000000
vn -0.017507 0.999847 0.000000
vn 0.230421 0.973091 -0.000000
vn 0.230421 0.973091 -0.000000
vn 0.138449 0.990370 -0.000000
vn 0.138449 0.990370 -0.000000
vn 0.012172 0.999926 -0.000000
vn 0.012172 0.999926 -0.000000
vn -0.193252 0.981149 0.000000
vn -0.193252 0.981149 0.000000
vn -0.337018 0.941498 0.000000
vn -0.337018 0.941498 0.000000
vn -0.510009 0.860169 0.000000
vn -0.510009 0.860169 0.000000
vn -0.697050 0.717023 0.000000
vn -0.697050 0.717023 0.000000
vn -0.784512 0.620113 0.000000
vn -0.784512 0.620113 0.000000
vn -0.860156 0.510031 0.000000
vn -0.860156 0.510031 0.000000
vn -0.961325 0.275417 0.000000
vn -0.961325 0.275417 0.000000
vn -0.998042 0.062540 0.000000
vn -0.998042 0.062540 0.000000
vn -0.994471 -0.105015 0.000000
vn -0.994471 -0.105015 0.000000
vn -0.973415 -0.229048 0.000000
vn -0.973415 -0.229048 0.000000
vn -0.920990 -0.389585 0.000000
vn -0.920990 -0.389585 0.000000
vn -0.868160 -0.496284 0.000000
vn -0.868160 -0.496284 0.000000
vn -0.717502 -0.696557 0.000000
vn -0.717502 -0.696557 0.000000
vn -0.868160 -0.496284 0.000000
vn -0.920990 -0.389585 0.000000
vn -0.973415 -0.229048 0.000000
vn -0.994471 -0.105015 0.000000
vn -0.998042 0.062540 0.000000
vn -0.961325 0.275417 0.000000
vn -0.860156 0.510031 0.000000
vn -0.784512 0.620113 0.000000
vn -0.697050 0.717023 0.000000
vn -0.510009 0.860169 0.000000
vn -0.337018 0.941498 0.000000
vn -0.193252 0.981149 0.000000
vn 0.012172 0.999926 -0.000000
vn 0.138449 0.990370 -0.000000
vn 0.230421 0.973091 -0.000000
vn 0.136752 0.990605 -0.000000
vn 0.136752 0.990605 -0.000000
vn 0.136752 0.990605 -0.000000
vn 0.136752 0.990605 -0.000000
vn 0.018179 0.999835 -0.000000
vn 0.018179 0.999835 -0.000000
vn 0.018179 0.999835 -0.000000
vn 0.018179 0.999835 -0.000000
vn -0.918027 0.396518 0.000000
vn -0.856412 0.516293 0.000000
vn -0.918027 0.396518 0.000000
vn -0.856412 0.516293 0.000000
vn -0.755569 0.655070 0.000000
vn -0.755569 0.655070 0.000000
vn -0.607065 0.794652 0.000000
vn -0.607065 0.794652 0.000000
vn -0.431620 0.902056 0.000000
vn -0.431620 0.902056 0.000000
vn -0.259578 0.965722 0.000000
vn -0.259578 0.965722 0.000000
vn -0.100205 0.994967 0.000000
vn -0.100205 0.994967 0.000000
vn 0.051475 0.998674 -0.000000
vn 0.051475 0.998674 -0.000000
vn 0.200510 0.979692 -0.000000
vn 0.200510 0.979692 -0.000000
vn 0.000000 0.000000 1.000000
vn 0.000000 0.000000 1.000000
vn 0.000000 0.000000 1.000000
vn 0.000000 0.000000 1.000000
vn 0.000000 0.000000 1.000000
vn 0.000000 0.000000 1.000000
vn 0.000000 0.000000 1.000000
vn 0.000000 0.000000 1.000000
vn 0.000000 0.000000 1.000000
vn 0.000000 0.000000 1.000000
vn 0.000000 0.000000 1.000000
vn 0.000000 0.000000 1.000000
vn 0.000000 0.000000 1.000000
vn 0.000000 0.000000 1.000000
vn 0.000000 0.000000 1.000000
vn 0.000000 0.000000 1.000000
vn 0.000000 0.000000 1.000000
vn 0.000000 0.000000 1.000000
vn 0.000000 0.000000 1.000000
vn 0.000000 0.000000 1.000000
vn 0.000000 0.000000 1.000000
vn 0.000000 0.000000 1.000000
vn 0.000000 0.000000 1.000000
vn 0.000000 0.000000 1.000000
vn 0.000000 0.000000 1.000000
vn 0.000000 0.000000 1.000000
vn 0.000000 0.000000 1.000000
vn 0.000000 0.000000 1.000000
vn 0.000000 0.000000 1.000000
vn 0.000000 0.000000 1.000000
vn 0.000000 0.000000 1.000000
vn 0.000000 0.000000 1.000000
vn 0.000000 0.000000 1.000000
vn 0.000000 0.000000 1.000000
vn 0.000000 0.000000 1.000000
vn 0.000000 0.000000 1.000000
vn 0.000000 0.000000 1.000000
vn 0.000000 0.000000 1.000000
vn 0.000000 0.000000 1.000000
vn 0.000000 0.000000 1.000000
vn 0.000000 0.000000 1.000000
vn 0.000000 0.000000 1.000000
vn 0.000000 0.000000 1.000000
vn 0.000000 0.000000 1.000000
vn 0.000000 0.000000 1.000000
vn 0.000000 0.000000 1.000000
vn 0.000000 0.000000 1.000000
vn 0.000000 0.000000 1.000000
vn 0.000000 0.000000 1.000000
vn 0.000000 0.000000 1.000000
vn 0.000000 0.000000 1.000000
vn 0.000000 0.000000 1.000000
vn 0.000000 0.000000 1.000000
vn 0.000000 0.000000 1.000000
vn 0.000000 0.000000 1.000000
vn 0.000000 0.000000 1.000000
vn 0.000000 0.000000 1.000000
vn 0.000000 0.000000 1.000000
vn 0.000000 0.000000 1.000000
vn 0.000000 0.000000 1.000000
vn 0.000000 0.000000 1.000000
vn 0.000000 0.000000 1.000000
vn 0.000000 0.000000 1.000000
vn 0.000000 0.000000 1.000000
vn 0.000000 0.000000 1.000000
vn 0.000000 0.000000 1.000000
vn 0.000000 0.000000 1.000000
vn 0.000000 0.000000 1.000000
vn 0.000000 0.000000 1.000000
vn 0.000000 0.000000 1.000000
vn 0.000000 0.000000 1.000000
vn 0.000000 0.000000 1.000000
vn 0.000000 0.000000 1.000000
vn 0.000000 0.000000 1.000000
vn 0.000000 0.000000 1.000000
vn 0.000000 0.000000 1.000000
vn 0.000000 0.000000 1.000000
vn 0.000000 0.000000 1.000000
vn 0.000000 0.000000 1.000000
vn 0.000000 0.000000 1.000000
vn 0.000000 0.000000 1.000000
vn 0.000000 0.000000 1.000000
vn 0.000000 0.000000 1.000000
vn 0.000000 0.000000 1.000000
vn 0.000000 0.000000 1.000000
vn 0.000000 0.000000 1.000000
vn 0.000000 0.000000 1.000000
vn 0.000000 0.000000 1.000000
vn 0.000000 0.000000 1.000000
vn 0.000000 0.000000 1.000000
vn 0.000000 0.000000 1.000000
vn 0.000000 0.000000 1.000000
vn 0.000000 0.000000 1.000000
vn 0.000000 0.000000 1.000000
vn 0.000000 0.000000 1.000000
vn 0.000000 0.000000 1.000000
vn 0.000000 0.000000 1.000000
vn 0.000000 0.000000 1.000000
vn 0.000000 0.000000 1.000000
vn 0.000000 0.000000 1.000000
vn 0.000000 0.000000 1.000000
vn 0.000000 0.000000 1.000000
vn 0.000000 0.000000 1.000000
vn 0.000000 0.000000 1.000000
vn 0.000000 0.000000 1.000000
vn 0.000000 0.000000 1.000000
vn 0.000000 0.000000 1.000000
vn 0.000000 0.000000 1.000000
vn 0.000000 0.000000 1.000000
vn 0.000000 0.000000 1.000000
vn 0.000000 0.000000 1.000000
vn 0.000000 0.000000 1.000000
vn 0.000000 0.000000 1.000000
vn 0.000000 0.000000 1.000000
vn 0.000000 0.000000 1.000000
vn 0.000000 0.000000 1.000000
vn 0.000000 0.000000 1.000000
vn 0.000000 0.000000 1.000000
vn 0.000000 0.000000 1.000000
vn 0.000000 0.000000 1.000000
vn 0.000000 0.000000 1.000000
vn 0.000000 0.000000 1.000000
vn 0.000000 0.000000 1.000000
vn 0.000000 0.000000 1.000000
vn 0.000000 0.000000 1.000000
vn 0.000000 0.000000 1.000000
vn 0.000000 0.000000 1.000000
vn 0.000000 0.000000 1.000000
vn 0.000000 0.000000 1.000000
vn 0.000000 0.000000 1.000000
vn 0.000000 0.000000 1.000000
vn 0.000000 0.000000 1.000000
vn 0.000000 0.000000 1.000000
vn 0.000000 0.000000 1.000000
vn 0.000000 0.000000 1.000000
vn 0.000000 0.000000 1.000000
vn 0.000000 0.000000 1.000000
vn 0.000000 0.000000 1.000000
vn 0.000000 0.000000 1.000000
vn 0.000000 0.000000 1.000000
vn 0.000000 0.000000 1.000000
vn 0.000000 0.000000 1.000000
vn 0.000000 0.000000 1.000000
vn 0.000000 0.000000 1.000000
vn 0.000000 0.000000 1.000000
vn 0.000000 0.000000 1.000000
vn 0.000000 0.000000 1.000000
vn 0.000000 0.000000 1.000000
vn 0.000000 0.000000 1.000000
vn 0.000000 0.000000 1.000000
vn 0.000000 0.000000 1.000000
vn 0.000000 0.000000 1.000000
vn 0.000000 0.000000 1.000000
vn 0.000000 0.000000 1.000000
vn 0.000000 0.000000 1.000000
vn 0.000000 0.000000 1.000000
vn 0.000000 0.000000 1.000000
vn 0.000000 0.000000 1.000000
vn 0.000000 0.000000 1.000000
vn 0.000000 0.000000 1.000000
vn 0.000000 0.000000 1.000000
vn 0.000000 0.000000 1.000000
vn 0.000000 0.000000 1.000000
vn 0.000000 0.000000 1.000000
vn 0.000000 0.000000 1.000000
vn 0.000000 0.000000 1.000000
vn 0.000000 0.000000 1.000000
vn 0.000000 0.000000 1.000000
vn 0.000000 0.000000 1.000000
vn 0.000000 0.000000 1.000000
vn 0.000000 0.000000 1.000000
vn 0.000000 0.000000 1.000000
vn 0.000000 0.000000 1.000000
vn 0.000000 0.000000 1.000000
vn 0.000000 0.000000 1.000000
vn 0.000000 0.000000 1.000000
vn 0.000000 0.000000 1.000000
vn 0.000000 0.000000 1.000000
vn 0.000000 0.000000 1.000000
vn 0.000000 0.000000 1.000000
vn 0.000000 0.000000 1.000000
vn 0.000000 0.000000 1.000000
vn 0.000000 0.000000 1.000000
vn 0.000000 0.000000 1.000000
vn 0.000000 0.000000 1.000000
vn 0.000000 0.000000 1.000000
vn 0.000000 0.000000 1.000000
vn 0.000000 0.000000 1.000000
vn 0.000000 0.000000 1.000000
vn 0.000000 0.000000 1.000000
vn 0.000000 0.000000 1.000000
vn 0.000000 0.000000 1.000000
vn 0.000000 0.000000 1.000000
vn 0.000000 0.000000 1.000000
vn 0.000000 0.000000 1.000000
vn 0.000000 0.000000 1.000000
vn 0.000000 0.000000 1.000000
vn 0.000000 0.000000 1.000000
vn 0.000000 0.000000 1.000000
vn 0.000000 0.000000 1.000000
vn 0.000000 0.000000 1.000000
vn 0.000000 0.000000 1.000000
vn 0.000000 0.000000 1.000000
vn 0.000000 0.000000 1.000000
vn 0.000000 0.000000 1.000000
vn 0.000000 0.000000 1.000000
vn 0.000000 0.000000 1.000000
vn 0.000000 0.000000 1.000000
vn 0.000000 0.000000 1.000000
vn 0.000000 0.000000 1.000000
vn 0.000000 0.000000 1.000000
vn 0.000000 0.000000 1.000000
vn 0.000000 0.000000 1.000000
vn 0.000000 0.000000 1.000000
vn 0.000000 0.000000 1.000000
vn 0.000000 0.000000 1.000000
vn 0.000000 0.000000 1.000000
vn 0.000000 0.000000 1.000000
vn 0.000000 0.000000 1.000000
vn 0.000000 0.000000 1.000000
vn 0.000000 0.000000 1.000000
vn 0.000000 0.000000 1.000000
vn 0.000000 0.000000 1.000000
vn 0.000000 0.000000 1.000000
vn 0.000000 0.000000 1.000000
vn 0.000000 0.000000 1.000000
vn 0.000000 0.000000 1.000000
vn 0.000000 0.000000 1.000000
vn 0.000000 0.000000 1.000000
vn 0.000000 0.000000 1.000000
vn 0.000000 0.000000 1.000000
vn 0.000000 0.000000 1.000000
vn 0.000000 0.000000 1.000000
vn 0.000000 0.000000 1.000000
vn 0.000000 0.000000 1.000000
vn 0.000000 0.000000 1.000000
vn 0.000000 0.000000 1.000000
vn 0.000000 0.000000 1.000000
vn 0.000000 0.000000 1.000000
vn 0.000000 0.000000 1.000000
vn 0.000000 0.000000 1.000000
vn 0.000000 0.000000 1.000000
vn 0.000000 0.000000 1.000000
vn 0.000000 0.000000 1.000000
vn 0.000000 0.000000 1.000000
vn 0.000000 0.000000 1.000000
vn 0.000000 0.000000 1.000000
vn 0.000000 0.000000 1.000000
vn 0.000000 0.000000 1.000000
vn 0.000000 0.000000 1.000000
vn 0.000000 0.000000 1.000000
vn 0.000000 0.000000 1.000000
vn 0.000000 0.000000 1.000000
vn 0.000000 0.000000 1.000000
vn 0.000000 0.000000 1.000000
vn 0.000000 0.000000 1.000000
vn 0.000000 0.000000 1.000000
vn 0.000000 0.000000 1.000000
vn 0.000000 0.000000 1.000000
vn 0.000000 0.000000 1.000000
vn 0.000000 0.000000 1.000000
vn 0.000000 0.000000 1.000000
vn 0.000000 0.000000 1.000000
vn 0.000000 0.000000 1.000000
vn 0.000000 0.000000 1.000000
vn 0.000000 0.000000 1.000000
vn 0.000000 0.000000 1.000000
vn 0.000000 0.000000 1.000000
vn 0.000000 0.000000 1.000000
vn 0.000000 0.000000 1.000000
vn 0.000000 0.000000 1.000000
vn 0.000000 0.000000 1.000000
vn 0.000000 0.000000 1.000000
vn 0.000000 0.000000 1.000000
vn 0.000000 0.000000 1.000000
vn 0.000000 0.000000 1.000000
vn 0.000000 0.000000 1.000000
vn 0.000000 0.000000 1.000000
vn 0.000000 0.000000 1.000000
vn 0.000000 0.000000 1.000000
vn 0.000000 0.000000 1.000000
vn 0.000000 0.000000 1.000000
vn 0.000000 0.000000 1.000000
vn 0.000000 0.000000 1.000000
vn 0.000000 0.000000 1.000000
vn 0.000000 0.000000 1.000000
vn 0.000000 0.000000 1.000000
vn 0.000000 0.000000 1.000000
vn 0.000000 0.000000 1.000000
vn 0.000000 0.000000 1.000000
vn 0.000000 0.000000 1.000000
vn 0.000000 0.000000 1.000000
vn 0.000000 0.000000 1.000000
vn 0.000000 0.000000 1.000000
vn 0.000000 0.000000 1.000000
vn 0.000000 0.000000 1.000000
vn 0.000000 0.000000 1.000000
vn 0.000000 0.000000 1.000000
vn 0.000000 0.000000 1.000000
vn 0.000000 0.000000 1.000000
vn 0.000000 0.000000 1.000000
vn 0.000000 0.000000 1.000000
vn 0.000000 0.000000 1.000000
vn 0.000000 0.000000 1.000000
vn 0.000000 0.000000 1.000000
vn 0.000000 0.000000 1.000000
vn 0.000000 0.000000 1.000000
vn 0.000000 0.000000 1.000000
vn 0.000000 0.000000 1.000000
vn 0.000000 0.000000 1.000000
vn 0.000000 0.000000 1.000000
vn 0.000000 0.000000 1.000000
vn 0.000000 0.000000 1.000000
vn 0.000000 0.000000 1.000000
vn 0.000000 0.000000 1.000000
vn 0.000000 0.000000 1.000000
vn 0.000000 0.000000 1.000000
vn 0.000000 0.000000 1.000000
vn 0.000000 0.000000 1.000000
vn 0.000000 0.000000 1.000000
vn 0.000000 0.000000 1.000000
vn 0.000000 0.000000 1.000000
vn 0.000000 0.000000 1.000000
vn 0.000000 0.000000 1.000000
vn 0.000000 0.000000 1.000000
vn 0.000000 0.000000 1.000000
vn 0.000000 0.000000 1.000000
vn 0.000000 0.000000 1.000000
vn 0.000000 0.000000 1.000000
vn -0.000000 -0.000000 -1.000000
vn -0.000000 -0.000000 -1.000000
vn -0.000000 -0.000000 -1.000000
vn -0.000000 -0.000000 -1.000000
vn -0.000000 -0.000000 -1.000000
vn -0.000000 -0.000000 -1.000000
vn -0.000000 -0.000000 -1.000000
vn -0.000000 -0.000000 -1.000000
vn -0.000000 -0.000000 -1.000000
vn -0.000000 -0.000000 -1.000000
vn -0.000000 -0.000000 -1.000000
vn -0.000000 -0.000000 -1.000000
vn -0.000000 -0.000000 -1.000000
vn -0.000000 -0.000000 -1.000000
vn -0.000000 -0.000000 -1.000000
vn -0.000000 -0.000000 -1.000000
vn -0.000000 -0.000000 -1.000000
vn -0.000000 -0.000000 -1.000000
vn -0.000000 -0.000000 -1.000000
vn -0.000000 -0.000000 -1.000000
vn -0.000000 -0.000000 -1.000000
vn -0.000000 -0.000000 -1.000000
vn -0.000000 -0.000000 -1.000000
vn -0.000000 -0.000000 -1.000000
vn -0.000000 -0.000000 -1.000000
vn -0.000000 -0.000000 -1.000000
vn -0.000000 -0.000000 -1.000000
vn -0.000000 -0.000000 -1.000000
vn -0.000000 -0.000000 -1.000000
vn -0.000000 -0.000000 -1.000000
vn -0.000000 -0.000000 -1.000000
vn -0.000000 -0.000000 -1.000000
vn -0.000000 -0.000000 -1.000000
vn -0.000000 -0.000000 -1.000000
vn -0.000000 -0.000000 -1.000000
vn -0.000000 -0.000000 -1.000000
vn -0.000000 -0.000000 -1.000000
vn -0.000000 -0.000000 -1.000000
vn -0.000000 -0.000000 -1.000000
vn -0.000000 -0.000000 -1.000000
vn -0.000000 -0.000000 -1.000000
vn -0.000000 -0.000000 -1.000000
vn -0.000000 -0.000000 -1.000000
vn -0.000000 -0.000000 -1.000000
vn -0.000000 -0.000000 -1.000000
vn -0.000000 -0.000000 -1.000000
vn -0.000000 -0.000000 -1.000000
vn -0.000000 -0.000000 -1.000000
vn -0.000000 -0.000000 -1.000000
vn -0.000000 -0.000000 -1.000000
vn -0.000000 -0.000000 -1.000000
vn -0.000000 -0.000000 -1.000000
vn -0.000000 -0.000000 -1.000000
vn -0.000000 -0.000000 -1.000000
vn -0.000000 -0.000000 -1.000000
vn -0.000000 -0.000000 -1.000000
vn -0.000000 -0.000000 -1.000000
vn -0.000000 -0.000000 -1.000000
vn -0.000000 -0.000000 -1.000000
vn -0.000000 -0.000000 -1.000000
vn -0.000000 -0.000000 -1.000000
vn -0.000000 -0.000000 -1.000000
vn -0.000000 -0.000000 -1.000000
vn -0.000000 -0.000000 -1.000000
vn -0.000000 -0.000000 -1.000000
vn -0.000000 -0.000000 -1.000000
vn -0.000000 -0.000000 -1.000000
vn -0.000000 -0.000000 -1.000000
vn -0.000000 -0.000000 -1.000000
vn -0.000000 -0.000000 -1.000000
vn -0.000000 -0.000000 -1.000000
vn -0.000000 -0.000000 -1.000000
vn -0.000000 -0.000000 -1.000000
vn -0.000000 -0.000000 -1.000000
vn -0.000000 -0.000000 -1.000000
vn -0.000000 -0.000000 -1.000000
vn -0.000000 -0.000000 -1.000000
vn -0.000000 -0.000000 -1.000000
vn -0.000000 -0.000000 -1.000000
vn -0.000000 -0.000000 -1.000000
vn -0.000000 -0.000000 -1.000000
vn -0.000000 -0.000000 -1.000000
vn -0.000000 -0.000000 -1.000000
vn -0.000000 -0.000000 -1.000000
vn -0.000000 -0.000000 -1.000000
vn -0.000000 -0.000000 -1.000000
vn -0.000000 -0.000000 -1.000000
vn -0.000000 -0.000000 -1.000000
vn -0.000000 -0.000000 -1.000000
vn -0.000000 -0.000000 -1.000000
vn -0.000000 -0.000000 -1.000000
vn -0.000000 -0.000000 -1.000000
vn -0.000000 -0.000000 -1.000000
vn -0.000000 -0.000000 -1.000000
vn -0.000000 -0.000000 -1.000000
vn -0.000000 -0.000000 -1.000000
vn -0.000000 -0.000000 -1.000000
vn -0.000000 -0.000000 -1.000000
vn -0.000000 -0.000000 -1.000000
vn -0.000000 -0.000000 -1.000000
vn -0.000000 -0.000000 -1.000000
vn -0.000000 -0.000000 -1.000000
vn -0.000000 -0.000000 -1.000000
vn -0.000000 -0.000000 -1.000000
vn -0.000000 -0.000000 -1.000000
vn -0.000000 -0.000000 -1.000000
vn -0.000000 -0.000000 -1.000000
vn -0.000000 -0.000000 -1.000000
vn -0.000000 -0.000000 -1.000000
vn -0.000000 -0.000000 -1.000000
vn -0.000000 -0.000000 -1.000000
vn -0.000000 -0.000000 -1.000000
vn -0.000000 -0.000000 -1.000000
vn -0.000000 -0.000000 -1.000000
vn -0.000000 -0.000000 -1.000000
vn -0.000000 -0.000000 -1.000000
vn -0.000000 -0.000000 -1.000000
vn -0.000000 -0.000000 -1.000000
vn -0.000000 -0.000000 -1.000000
vn -0.000000 -0.000000 -1.000000
vn -0.000000 -0.000000 -1.000000
vn -0.000000 -0.000000 -1.000000
vn -0.000000 -0.000000 -1.000000
vn -0.000000 -0.000000 -1.000000
vn -0.000000 -0.000000 -1.000000
vn -0.000000 -0.000000 -1.000000
vn -0.000000 -0.000000 -1.000000
vn -0.000000 -0.000000 -1.000000
vn -0.000000 -0.000000 -1.000000
vn -0.000000 -0.000000 -1.000000
vn -0.000000 -0.000000 -1.000000
vn -0.000000 -0.000000 -1.000000
vn -0.000000 -0.000000 -1.000000
vn -0.000000 -0.000000 -1.000000
vn -0.000000 -0.000000 -1.000000
vn -0.000000 -0.000000 -1.000000
vn -0.000000 -0.000000 -1.000000
vn -0.000000 -0.000000 -1.000000
vn -0.000000 -0.000000 -1.000000
vn -0.000000 -0.000000 -1.000000
vn -0.000000 -0.000000 -1.000000
vn -0.000000 -0.000000 -1.000000
vn -0.000000 -0.000000 -1.000000
vn -0.000000 -0.000000 -1.000000
vn -0.000000 -0.000000 -1.000000
vn -0.000000 -0.000000 -1.000000
vn -0.000000 -0.000000 -1.000000
vn -0.000000 -0.000000 -1.000000
vn -0.000000 -0.000000 -1.000000
vn -0.000000 -0.000000 -1.000000
vn -0.000000 -0.000000 -1.000000
vn -0.000000 -0.000000 -1.000000
vn -0.000000 -0.000000 -1.000000
vn -0.000000 -0.000000 -1.000000
vn -0.000000 -0.000000 -1.000000
vn -0.000000 -0.000000 -1.000000
vn -0.000000 -0.000000 -1.000000
vn -0.000000 -0.000000 -1.000000
vn -0.000000 -0.000000 -1.000000
vn -0.000000 -0.000000 -1.000000
vn -0.000000 -0.000000 -1.000000
vn -0.000000 -0.000000 -1.000000
vn -0.000000 -0.000000 -1.000000
vn -0.000000 -0.000000 -1.000000
vn -0.000000 -0.000000 -1.000000
vn -0.000000 -0.000000 -1.000000
vn -0.000000 -0.000000 -1.000000
vn -0.000000 -0.000000 -1.000000
vn -0.000000 -0.000000 -1.000000
vn -0.000000 -0.000000 -1.000000
vn -0.000000 -0.000000 -1.000000
vn -0.000000 -0.000000 -1.000000
vn -0.000000 -0.000000 -1.000000
vn -0.000000 -0.000000 -1.000000
vn -0.000000 -0.000000 -1.000000
vn -0.000000 -0.000000 -1.000000
vn -0.000000 -0.000000 -1.000000
vn -0.000000 -0.000000 -1.000000
vn -0.000000 -0.000000 -1.000000
vn -0.000000 -0.000000 -1.000000
vn -0.000000 -0.000000 -1.000000
vn -0.000000 -0.000000 -1.000000
vn -0.000000 -0.000000 -1.000000
vn -0.000000 -0.000000 -1.000000
vn -0.000000 -0.000000 -1.000000
vn -0.000000 -0.000000 -1.000000
vn -0.000000 -0.000000 -1.000000
vn -0.000000 -0.000000 -1.000000
vn -0.000000 -0.000000 -1.000000
vn -0.000000 -0.000000 -1.000000
vn -0.000000 -0.000000 -1.000000
vn -0.000000 -0.000000 -1.000000
vn -0.000000 -0.000000 -1.000000
vn -0.000000 -0.000000 -1.000000
vn -0.000000 -0.000000 -1.000000
vn -0.000000 -0.000000 -1.000000
vn -0.000000 -0.000000 -1.000000
vn -0.000000 -0.000000 -1.000000
vn -0.000000 -0.000000 -1.000000
vn -0.000000 -0.000000 -1.000000
vn -0.000000 -0.000000 -1.000000
vn -0.000000 -0.000000 -1.000000
vn -0.000000 -0.000000 -1.000000
vn -0.000000 -0.000000 -1.000000
vn -0.000000 -0.000000 -1.000000
vn -0.000000 -0.000000 -1.000000
vn -0.000000 -0.000000 -1.000000
vn -0.000000 -0.000000 -1.000000
vn -0.000000 -0.000000 -1.000000
vn -0.000000 -0.000000 -1.000000
vn -0.000000 -0.000000 -1.000000
vn -0.000000 -0.000000 -1.000000
vn -0.000000 -0.000000 -1.000000
vn -0.000000 -0.000000 -1.000000
vn -0.000000 -0.000000 -1.000000
vn -0.000000 -0.000000 -1.000000
vn -0.000000 -0.000000 -1.000000
vn -0.000000 -0.000000 -1.000000
vn -0.000000 -0.000000 -1.000000
vn -0.000000 -0.000000 -1.000000
vn -0.000000 -0.000000 -1.000000
vn -0.000000 -0.000000 -1.000000
vn -0.000000 -0.000000 -1.000000
vn -0.000000 -0.000000 -1.000000
vn -0.000000 -0.000000 -1.000000
vn -0.000000 -0.000000 -1.000000
vn -0.000000 -0.000000 -1.000000
vn -0.000000 -0.000000 -1.000000
vn -0.000000 -0.000000 -1.000000
vn -0.000000 -0.000000 -1.000000
vn -0.000000 -0.000000 -1.000000
vn -0.000000 -0.000000 -1.000000
vn -0.000000 -0.000000 -1.000000
vn -0.000000 -0.000000 -1.000000
vn -0.000000 -0.000000 -1.000000
vn -0.000000 -0.000000 -1.000000
vn -0.000000 -0.000000 -1.000000
vn -0.000000 -0.000000 -1.000000
vn -0.000000 -0.000000 -1.000000
vn -0.000000 -0.000000 -1.000000
vn -0.000000 -0.000000 -1.000000
vn -0.000000 -0.000000 -1.000000
vn -0.000000 -0.000000 -1.000000
vn -0.000000 -0.000000 -1.000000
vn -0.000000 -0.000000 -1.000000
vn -0.000000 -0.000000 -1.000000
vn -0.000000 -0.000000 -1.000000
vn -0.000000 -0.000000 -1.000000
vn -0.000000 -0.000000 -1.000000
vn -0.000000 -0.000000 -1.000000
vn -0.000000 -0.000000 -1.000000
vn -0.000000 -0.000000 -1.000000
vn -0.000000 -0.000000 -1.000000
vn -0.000000 -0.000000 -1.000000
vn -0.000000 -0.000000 -1.000000
vn -0.000000 -0.000000 -1.000000
vn -0.000000 -0.000000 -1.000000
vn -0.000000 -0.000000 -1.000000
vn -0.000000 -0.000000 -1.000000
vn -0.000000 -0.000000 -1.000000
vn -0.000000 -0.000000 -1.000000
vn -0.000000 -0.000000 -1.000000
vn -0.000000 -0.000000 -1.000000
vn -0.000000 -0.000000 -1.000000
vn -0.000000 -0.000000 -1.000000
vn -0.000000 -0.000000 -1.000000
vn -0.000000 -0.000000 -1.000000
vn -0.000000 -0.000000 -1.000000
vn -0.000000 -0.000000 -1.000000
vn -0.000000 -0.000000 -1.000000
vn -0.000000 -0.000000 -1.000000
vn -0.000000 -0.000000 -1.000000
vn -0.000000 -0.000000 -1.000000
vn -0.000000 -0.000000 -1.000000
vn -0.000000 -0.000000 -1.000000
vn -0.000000 -0.000000 -1.000000
vn -0.000000 -0.000000 -1.000000
vn -0.000000 -0.000000 -1.000000
vn -0.000000 -0.000000 -1.000000
vn -0.000000 -0.000000 -1.000000
vn -0.000000 -0.000000 -1.000000
vn -0.000000 -0.000000 -1.000000
vn -0.000000 -0.000000 -1.000000
vn -0.000000 -0.000000 -1.000000
vn -0.000000 -0.000000 -1.000000
vn -0.000000 -0.000000 -1.000000
vn -0.000000 -0.000000 -1.000000
vn -0.000000 -0.000000 -1.000000
vn -0.000000 -0.000000 -1.000000
vn -0.000000 -0.000000 -1.000000
vn -0.000000 -0.000000 -1.000000
vn -0.000000 -0.000000 -1.000000
vn -0.000000 -0.000000 -1.000000
vn -0.000000 -0.000000 -1.000000
vn -0.000000 -0.000000 -1.000000
vn -0.000000 -0.000000 -1.000000
vn -0.000000 -0.000000 -1.000000
vn -0.000000 -0.000000 -1.000000
vn -0.000000 -0.000000 -1.000000
vn -0.000000 -0.000000 -1.000000
vn -0.000000 -0.000000 -1.000000
vn -0.000000 -0.000000 -1.000000
vn -0.000000 -0.000000 -1.000000
vn -0.000000 -0.000000 -1.000000
vn -0.000000 -0.000000 -1.000000
vn -0.000000 -0.000000 -1.000000
vn -0.000000 -0.000000 -1.000000
vn -0.000000 -0.000000 -1.000000
vn -0.000000 -0.000000 -1.000000
vn -0.000000 -0.000000 -1.000000
vn -0.000000 -0.000000 -1.000000
vn -0.000000 -0.000000 -1.000000
vn -0.000000 -0.000000 -1.000000
vn -0.000000 -0.000000 -1.000000
vn -0.000000 -0.000000 -1.000000
vn -0.000000 -0.000000 -1.000000
vn -0.000000 -0.000000 -1.000000
vn -0.000000 -0.000000 -1.000000
vn -0.000000 -0.000000 -1.000000
vn -0.000000 -0.000000 -1.000000
vn -0.000000 -0.000000 -1.000000
vn -0.000000 -0.000000 -1.000000
vn -0.000000 -0.000000 -1.000000
vn -0.000000 -0.000000 -1.000000
vn -0.000000 -0.000000 -1.000000
vn -0.000000 -0.000000 -1.000000
vn -0.000000 -0.000000 -1.000000
vn -0.000000 -0.000000 -1.000000
vn -0.000000 -0.000000 -1.000000
usemtl Steel_-_Satin
f 1/1/1 2/2/2 28/3/3
f 28/3/3 2/2/2 27/4/4
f 27/4/4 2/2/2 3/5/5
f 27/4/4 3/5/5 26/6/6
f 26/6/6 3/5/5 4/7/7
f 26/6/6 4/7/7 25/8/8
f 25/8/8 4/7/7 5/9/9
f 25/8/8 5/9/9 24/10/10
f 24/10/10 5/9/9 6/11/11
f 24/10/10 6/11/11 23/12/12
f 23/12/12 6/11/11 7/13/13
f 23/12/12 7/13/13 22/14/14
f 22/14/14 7/13/13 8/15/15
f 22/14/14 8/15/15 21/16/16
f 21/16/16 8/15/15 9/17/17
f 21/16/16 9/17/17 20/18/18
f 20/18/18 9/17/17 10/19/19
f 20/18/18 10/19/19 19/20/20
f 19/20/20 10/19/19 11/21/21
f 19/20/20 11/21/21 18/22/22
f 18/22/22 11/21/21 12/23/23
f 18/22/22 12/23/23 17/24/24
f 17/24/24 12/23/23 13/25/25
f 17/24/24 13/25/25 16/26/26
f 16/26/26 13/25/25 14/27/27
f 16/26/26 14/27/27 15/28/28
f 29/29/29 1/30/30 30/31/31
f 30/31/31 1/30/30 28/32/32
f 31/33/33 32/34/34 96/35/35
f 96/35/35 32/34/34 95/36/36
f 95/36/36 32/34/34 33/37/37
f 95/36/36 33/37/37 94/38/38
f 94/38/38 33/37/37 34/39/39
f 94/38/38 34/39/39 93/40/40
f 93/40/40 34/39/39 35/41/41
f 93/40/40 35/41/41 92/42/42
f 92/42/42 35/41/41 36/43/43
f 92/42/42 36/43/43 91/44/44
f 91/44/44 36/43/43 37/45/45
f 91/44/44 37/45/45 90/46/46
f 90/46/46 37/45/45 38/47/47
f 90/46/46 38/47/47 89/48/48
f 89/48/48 38/47/47 39/49/49
f 89/48/48 39/49/49 88/50/50
f 88/50/50 39/49/49 40/51/51
f 88/50/50 40/51/51 87/52/52
f 87/52/52 40/51/51 41/53/53
f 87/52/52 41/53/53 86/54/54
f 86/54/54 41/53/53 42/55/55
f 86/54/54 42/55/55 85/56/56
f 85/56/56 42/55/55 43/57/57
f 85/56/56 43/57/57 84/58/58
f 84/58/58 43/57/57 44/59/59
f 84/58/58 44/59/59 83/60/60
f 83/60/60 44/59/59 45/61/61
f 83/60/60 45/61/61 82/62/62
f 82/62/62 45/61/61 46/63/63
f 82/62/62 46/63/63 81/64/64
f 81/64/64 46/63/63 47/65/65
f 81/64/64 47/65/65 80/66/66
f 80/66/66 47/65/65 48/67/67
f 80/66/66 48/67/67 79/68/68
f 79/68/68 48/67/67 49/69/69
f 79/68/68 49/69/69 78/70/70
f 78/70/70 49/69/69 50/71/71
f 78/70/70 50/71/71 77/72/72
f 77/72/72 50/71/71 51/73/73
f 77/72/72 51/73/73 76/74/74
f 76/74/74 51/73/73 52/75/75
f 76/74/74 52/75/75 75/76/76
f 75/76/76 52/75/75 53/77/77
f 75/76/76 53/77/77 74/78/78
f 74/78/78 53/77/77 54/79/79
f 74/78/78 54/79/79 73/80/80
f 73/80/80 54/79/79 55/81/81
f 73/80/80 55/81/81 72/82/82
f 72/82/82 55/81/81 56/83/83
f 72/82/82 56/83/83 71/84/84
f 71/84/84 56/83/83 57/85/85
f 71/84/84 57/85/85 70/86/86
f 70/86/86 57/85/85 58/87/87
f 70/86/86 58/87/87 69/88/88
f 69/88/88 58/87/87 59/89/89
f 69/88/88 59/89/89 68/90/90
f 68/90/90 59/89/89 60/91/91
f 68/90/90 60/91/91 67/92/92
f 67/92/92 60/91/91 61/93/93
f 67/92/92 61/93/93 66/94/94
f 66/94/94 61/93/93 62/95/95
f 66/94/94 62/95/95 65/96/96
f 65/96/96 62/95/95 63/97/97
f 65/96/96 63/97/97 64/98/98
f 64/98/98 63/97/97 29/99/99
f 64/98/98 29/99/99 30/100/100
f 97/101/101 31/102/102 98/103/103
f 98/103/103 31/102/102 96/104/104
f 99/105/105 100/106/106 116/107/107
f 116/107/107 100/106/106 115/108/108
f 115/108/108 100/106/106 101/109/109
f 115/108/108 101/109/109 114/110/110
f 114/110/110 101/109/109 102/111/111
f 114/110/110 102/111/111 113/112/112
f 113/112/112 102/111/111 103/113/113
f 113/112/112 103/113/113 112/114/114
f 112/114/114 103/113/113 104/115/115
f 112/114/114 104/115/115 111/116/116
f 111/116/116 104/115/115 105/117/117
f 111/116/116 105/117/117 110/118/118
f 110/118/118 105/117/117 106/119/119
f 110/118/118 106/119/119 109/120/120
f 109/120/120 106/119/119 107/121/121
f 109/120/120 107/121/121 108/122/122
f 108/122/122 107/121/121 97/123/123
f 108/122/122 97/123/123 98/124/124
f 14/125/125 99/126/126 15/127/127
f 15/127/127 99/126/126 116/128/128
f 117/129/129 118/130/130 120/131/131
f 120/131/131 118/130/130 119/132/132
f 121/133/133 117/134/134 122/135/135
f 122/135/135 117/134/134 120/136/136
f 123/137/137 124/138/138 156/139/139
f 156/139/139 124/138/138 155/140/140
f 155/140/140 124/138/138 125/141/141
f 155/140/140 125/141/141 154/142/142
f 154/142/142 125/141/141 126/143/143
f 154/142/142 126/143/143 153/144/144
f 153/144/144 126/143/143 127/145/145
f 153/144/144 127/145/145 152/146/146
f 152/146/146 127/145/145 128/147/147
f 152/146/146 128/147/147 151/148/148
f 151/148/148 128/147/147 129/149/149
f 151/148/148 129/149/149 150/150/150
f 150/150/150 129/149/149 130/151/151
f 150/150/150 130/151/151 149/152/152
f 149/152/152 130/151/151 131/153/153
f 149/152/152 131/153/153 148/154/154
f 148/154/154 131/153/153 132/155/155
f 148/154/154 132/155/155 147/156/156
f 147/156/156 132/155/155 133/157/157
f 147/156/156 133/157/157 146/158/158
f 146/158/158 133/157/157 134/159/159
f 146/158/158 134/159/159 145/160/160
f 145/160/160 134/159/159 135/161/161
f 145/160/160 135/161/161 144/162/162
f 144/162/162 135/161/161 136/163/163
f 144/162/162 136/163/163 143/164/164
f 143/164/164 136/163/163 137/165/165
f 143/164/164 137/165/165 142/166/166
f 142/166/166 137/165/165 138/167/167
f 142/166/166 138/167/167 141/168/168
f 141/168/168 138/167/167 139/169/169
f 141/168/168 139/169/169 140/170/170
f 140/170/170 139/169/169 121/171/171
f 140/170/170 121/171/171 122/172/172
f 157/173/173 123/174/174 158/175/175
f 158/175/175 123/174/174 156/176/176
f 159/177/177 160/178/178 178/179/179
f 178/179/179 160/178/178 177/180/180
f 177/180/180 160/178/178 161/181/181
f 177/180/180 161/181/181 176/182/182
f 176/182/182 161/181/181 162/183/183
f 176/182/182 162/183/183 175/184/184
f 175/184/184 162/183/183 163/185/185
f 175/184/184 163/185/185 174/186/186
f 174/186/186 163/185/185 164/187/187
f 174/186/186 164/187/187 173/188/188
f 173/188/188 164/187/187 165/189/189
f 173/188/188 165/189/189 172/190/190
f 172/190/190 165/189/189 166/191/191
f 172/190/190 166/191/191 171/192/192
f 171/192/192 166/191/191 167/193/193
f 171/192/192 167/193/193 170/194/194
f 170/194/194 167/193/193 168/195/195
f 170/194/194 168/195/195 169/196/196
f 169/196/196 168/195/195 157/197/197
f 169/196/196 157/197/197 158/198/198
f 179/199/199 159/200/200 180/201/201
f 180/201/201 159/200/200 178/202/202
f 181/203/203 182/204/204 220/205/205
f 220/205/205 182/204/204 219/206/206
f 219/206/206 182/204/204 183/207/207
f 219/206/206 183/207/207 218/208/208
f 218/208/208 183/207/207 184/209/209
f 218/208/208 184/209/209 217/210/210
f 217/210/210 184/209/209 185/211/211
f 217/210/210 185/211/211 216/212/212
f 216/212/212 185/211/211 186/213/213
f 216/212/212 186/213/213 215/214/214
f 215/214/214 186/213/213 187/215/215
f 215/214/214 187/215/215 214/216/216
f 214/216/216 187/215/215 188/217/217
f 214/216/216 188/217/217 213/218/218
f 213/218/218 188/217/217 189/219/219
f 213/218/218 189/219/219 212/220/220
f 212/220/220 189/219/219 190/221/221
f 212/220/220 190/221/221 211/222/222
f 211/222/222 190/221/221 191/223/223
f 211/222/222 191/223/223 210/224/224
f 210/224/224 191/223/223 192/225/225
f 210/224/224 192/225/225 209/226/226
f 209/226/226 192/225/225 193/227/227
f 209/226/226 193/227/227 208/228/228
f 208/228/228 193/227/227 194/229/229
f 208/228/228 194/229/229 207/230/230
f 207/230/230 194/229/229 195/231/231
f 207/230/230 195/231/231 206/232/232
f 206/232/232 195/231/231 196/233/233
f 206/232/232 196/233/233 205/234/234
f 205/234/234 196/233/233 197/235/235
f 205/234/234 197/235/235 204/236/236
f 204/236/236 197/235/235 198/237/237
f 204/236/236 198/237/237 203/238/238
f 203/238/238 198/237/237 199/239/239
f 203/238/238 199/239/239 202/240/240
f 202/240/240 199/239/239 200/241/241
f 202/240/240 200/241/241 201/242/242
f 201/242/242 200/241/241 179/243/243
f 201/242/242 179/243/243 180/244/244
f 221/245/245 181/246/203 222/247/246
f 222/247/246 181/246/203 220/248/205
f 223/249/247 224/250/248 250/251/249
f 250/251/249 224/250/248 249/252/250
f 249/252/250 224/250/248 225/253/251
f 249/252/250 225/253/251 248/254/252
f 248/254/252 225/253/251 226/255/253
f 248/254/252 226/255/253 247/256/254
f 247/256/254 226/255/253 227/257/255
f 247/256/254 227/257/255 246/258/256
f 246/258/256 227/257/255 228/259/257
f 246/258/256 228/259/257 245/260/258
f 245/260/258 228/259/257 229/261/259
f 245/260/258 229/261/259 244/262/260
f 244/262/260 229/261/259 230/263/261
f 244/262/260 230/263/261 243/264/262
f 243/264/262 230/263/261 231/265/263
f 243/264/262 231/265/263 242/266/264
f 242/266/264 231/265/263 232/267/265
f 242/266/264 232/267/265 241/268/266
f 241/268/266 232/267/265 233/269/267
f 241/268/266 233/269/267 240/270/268
f 240/270/268 233/269/267 234/271/269
f 240/270/268 234/271/269 239/272/270
f 239/272/270 234/271/269 235/273/271
f 239/272/270 235/273/271 238/274/272
f 238/274/272 235/273/271 236/275/273
f 238/274/272 236/275/273 237/276/274
f 237/276/274 236/275/273 221/277/275
f 237/276/274 221/277/275 222/278/276
f 251/279/277 223/280/278 252/281/279
f 252/281/279 223/280/278 250/282/280
f 253/283/281 254/284/282 360/285/283
f 360/285/283 254/284/282 359/286/284
f 359/286/284 254/284/282 255/287/285
f 359/286/284 255/287/285 358/288/286
f 358/288/286 255/287/285 256/289/287
f 358/288/286 256/289/287 357/290/288
f 357/290/288 256/289/287 257/291/289
f 357/290/288 257/291/289 356/292/290
f 356/292/290 257/291/289 258/293/291
f 356/292/290 258/293/291 355/294/292
f 355/294/292 258/293/291 259/295/293
f 355/294/292 259/295/293 354/296/294
f 354/296/294 259/295/293 260/297/295
f 354/296/294 260/297/295 353/298/296
f 353/298/296 260/297/295 261/299/297
f 353/298/296 261/299/297 352/300/298
f 352/300/298 261/299/297 262/301/299
f 352/300/298 262/301/299 351/302/300
f 351/302/300 262/301/299 263/303/301
f 351/302/300 263/303/301 350/304/302
f 350/304/302 263/303/301 264/305/303
f 350/304/302 264/305/303 349/306/304
f 349/306/304 264/305/303 265/307/305
f 349/306/304 265/307/305 348/308/306
f 348/308/306 265/307/305 266/309/307
f 348/308/306 266/309/307 347/310/308
f 347/310/308 266/309/307 267/311/309
f 347/310/308 267/311/309 346/312/310
f 346/312/310 267/311/309 268/313/311
f 346/312/310 268/313/311 345/314/312
f 345/314/312 268/313/311 269/315/313
f 345/314/312 269/315/313 344/316/314
f 344/316/314 269/315/313 270/317/315
f 344/316/314 270/317/315 343/318/316
f 343/318/316 270/317/315 271/319/317
f 343/318/316 271/319/317 342/320/318
f 342/320/318 271/319/317 272/321/319
f 342/320/318 272/321/319 341/322/320
f 341/322/320 272/321/319 273/323/321
f 341/322/320 273/323/321 340/324/322
f 340/324/322 273/323/321 274/325/323
f 340/324/322 274/325/323 339/326/324
f 339/326/324 274/325/323 275/327/325
f 339/326/324 275/327/325 338/328/326
f 338/328/326 275/327/325 276/329/327
f 338/328/326 276/329/327 337/330/328
f 337/330/328 276/329/327 277/331/329
f 337/330/328 277/331/329 336/332/330
f 336/332/330 277/331/329 278/333/331
f 336/332/330 278/333/331 335/334/332
f 335/334/332 278/333/331 279/335/333
f 335/334/332 279/335/333 334/336/334
f 334/336/334 279/335/333 280/337/335
f 334/336/334 280/337/335 333/338/336
f 333/338/336 280/337/335 281/339/337
f 333/338/336 281/339/337 332/340/338
f 332/340/338 281/339/337 282/341/339
f 332/340/338 282/341/339 331/342/340
f 331/342/340 282/341/339 283/343/341
f 331/342/340 283/343/341 330/344/342
f 330/344/342 283/343/341 284/345/343
f 330/344/342 284/345/343 329/346/344
f 329/346/344 284/345/343 285/347/345
f 329/346/344 285/347/345 328/348/346
f 328/348/346 285/347/345 286/349/347
f 328/348/346 286/349/347 327/350/348
f 327/350/348 286/349/347 287/351/349
f 327/350/348 287/351/349 326/352/350
f 326/352/350 287/351/349 288/353/351
f 326/352/350 288/353/351 325/354/352
f 325/354/352 288/353/351 289/355/353
f 325/354/352 289/355/353 324/356/354
f 324/356/354 289/355/353 290/357/355
f 324/356/354 290/357/355 323/358/356
f 323/358/356 290/357/355 291/359/357
f 323/358/356 291/359/357 322/360/358
f 322/360/358 291/359/357 292/361/359
f 322/360/358 292/361/359 321/362/360
f 321/362/360 292/361/359 293/363/361
f 321/362/360 293/363/361 320/364/362
f 320/364/362 293/363/361 294/365/363
f 320/364/362 294/365/363 319/366/364
f 319/366/364 294/365/363 295/367/365
f 319/366/364 295/367/365 318/368/366
f 318/368/366 295/367/365 296/369/367
f 318/368/366 296/369/367 317/370/368
f 317/370/368 296/369/367 297/371/369
f 317/370/368 297/371/369 316/372/370
f 316/372/370 297/371/369 298/373/371
f 316/372/370 298/373/371 315/374/372
f 315/374/372 298/373/371 299/375/373
f 315/374/372 299/375/373 314/376/374
f 314/376/374 299/375/373 300/377/375
f 314/376/374 300/377/375 313/378/376
f 313/378/376 300/377/375 301/379/377
f 313/378/376 301/379/377 312/380/378
f 312/380/378 301/379/377 302/381/379
f 312/380/378 302/381/379 311/382/380
f 311/382/380 302/381/379 303/383/381
f 311/382/380 303/383/381 310/384/382
f 310/384/382 303/383/381 304/385/383
f 310/384/382 304/385/383 309/386/384
f 309/386/384 304/385/383 305/387/385
f 309/386/384 305/387/385 308/388/386
f 308/388/386 305/387/385 306/389/387
f 308/388/386 306/389/387 307/390/388
f 307/390/388 306/389/387 251/391/389
f 307/390/388 251/391/389 252/392/390
f 361/393/391 253/394/392 362/395/393
f 362/395/393 253/394/392 360/396/394
f 363/397/395 361/398/396 364/399/397
f 364/399/397 361/398/396 362/400/398
f 365/401/399 363/402/400 366/403/401
f 366/403/401 363/402/400 364/404/402
f 367/405/403 368/406/404 502/407/405
f 502/407/405 368/406/404 501/408/406
f 501/408/406 368/406/404 369/409/407
f 501/408/406 369/409/407 500/410/408
f 500/410/408 369/409/407 370/411/409
f 500/410/408 370/411/409 499/412/410
f 499/412/410 370/411/409 371/413/411
f 499/412/410 371/413/411 498/414/412
f 498/414/412 371/413/411 372/415/413
f 498/414/412 372/415/413 497/416/414
f 497/416/414 372/415/413 373/417/415
f 497/416/414 373/417/415 496/418/416
f 496/418/416 373/417/415 374/419/417
f 496/418/416 374/419/417 495/420/418
f 495/420/418 374/419/417 375/421/419
f 495/420/418 375/421/419 494/422/420
f 494/422/420 375/421/419 376/423/421
f 494/422/420 376/423/421 493/424/422
f 493/424/422 376/423/421 377/425/423
f 493/424/422 377/425/423 492/426/424
f 492/426/424 377/425/423 378/427/425
f 492/426/424 378/427/425 491/428/426
f 491/428/426 378/427/425 379/429/427
f 491/428/426 379/429/427 490/430/428
f 490/430/428 379/429/427 380/431/429
f 490/430/428 380/431/429 489/432/430
f 489/432/430 380/431/429 381/433/431
f 489/432/430 381/433/431 488/434/432
f 488/434/432 381/433/431 382/435/433
f 488/434/432 382/435/433 487/436/434
f 487/436/434 382/435/433 383/437/435
f 487/436/434 383/437/435 486/438/436
f 486/438/436 383/437/435 384/439/437
f 486/438/436 384/439/437 485/440/438
f 485/440/438 384/439/437 385/441/439
f 485/440/438 385/441/439 484/442/440
f 484/442/440 385/441/439 386/443/441
f 484/442/440 386/443/441 483/444/442
f 483/444/442 386/443/441 387/445/443
f 483/444/442 387/445/443 482/446/444
f 482/446/444 387/445/443 388/447/445
f 482/446/444 388/447/445 481/448/446
f 481/448/446 388/447/445 389/449/447
f 481/448/446 389/449/447 480/450/448
f 480/450/448 389/449/447 390/451/449
f 480/450/448 390/451/449 479/452/450
f 479/452/450 390/451/449 391/453/451
f 479/452/450 391/453/451 478/454/452
f 478/454/452 391/453/451 392/455/453
f 478/454/452 392/455/453 477/456/454
f 477/456/454 392/455/453 393/457/455
f 477/456/454 393/457/455 476/458/456
f 476/458/456 393/457/455 394/459/457
f 476/458/456 394/459/457 475/460/458
f 475/460/458 394/459/457 395/461/459
f 475/460/458 395/461/459 474/462/460
f 474/462/460 395/461/459 396/463/461
f 474/462/460 396/463/461 473/464/462
f 473/464/462 396/463/461 397/465/463
f 473/464/462 397/465/463 472/466/464
f 472/466/464 397/465/463 398/467/465
f 472/466/464 398/467/465 471/468/466
f 471/468/466 398/467/465 399/469/467
f 471/468/466 399/469/467 470/470/468
f 470/470/468 399/469/467 400/471/469
f 470/470/468 400/471/469 469/472/470
f 469/472/470 400/471/469 401/473/471
f 469/472/470 401/473/471 468/474/472
f 468/474/472 401/473/471 402/475/473
f 468/474/472 402/475/473 467/476/474
f 467/476/474 402/475/473 403/477/475
f 467/476/474 403/477/475 466/478/476
f 466/478/476 403/477/475 404/479/477
f 466/478/476 404/479/477 465/480/478
f 465/480/478 404/479/477 405/481/479
f 465/480/478 405/481/479 464/482/480
f 464/482/480 405/481/479 406/483/481
f 464/482/480 406/483/481 463/484/482
f 463/484/482 406/483/481 407/485/483
f 463/484/482 407/485/483 462/486/484
f 462/486/484 407/485/483 408/487/485
f 462/486/484 408/487/485 461/488/486
f 461/488/486 408/487/485 409/489/487
f 461/488/486 409/489/487 460/490/488
f 460/490/488 409/489/487 410/491/489
f 460/490/488 410/491/489 459/492/490
f 459/492/490 410/491/489 411/493/491
f 459/492/490 411/493/491 458/494/492
f 458/494/492 411/493/491 412/495/493
f 458/494/492 412/495/493 457/496/494
f 457/496/494 412/495/493 413/497/495
f 457/496/494 413/497/495 456/498/496
f 456/498/496 413/497/495 414/499/497
f 456/498/496 414/499/497 455/500/498
f 455/500/498 414/499/497 415/501/499
f 455/500/498 415/501/499 454/502/500
f 454/502/500 415/501/499 416/503/501
f 454/502/500 416/503/501 453/504/502
f 453/504/502 416/503/501 417/505/503
f 453/504/502 417/505/503 452/506/504
f 452/506/504 417/505/503 418/507/505
f 452/506/504 418/507/505 451/508/506
f 451/508/506 418/507/505 419/509/507
f 451/508/506 419/509/507 450/510/508
f 450/510/508 419/509/507 420/511/509
f 450/510/508 420/511/509 449/512/510
f 449/512/510 420/511/509 421/513/511
f 449/512/510 421/513/511 448/514/512
f 448/514/512 421/513/511 422/515/513
f 448/514/512 422/515/513 447/516/514
f 447/516/514 422/515/513 423/517/515
f 447/516/514 423/517/515 446/518/516
f 446/518/516 423/517/515 424/519/517
f 446/518/516 424/519/517 445/520/518
f 445/520/518 424/519/517 425/521/519
f 445/520/518 425/521/519 444/522/520
f 444/522/520 425/521/519 426/523/521
f 444/522/520 426/523/521 443/524/522
f 443/524/522 426/523/521 427/525/523
f 443/524/522 427/525/523 442/526/524
f 442/526/524 427/525/523 428/527/525
f 442/526/524 428/527/525 441/528/526
f 441/528/526 428/527/525 429/529/527
f 441/528/526 429/529/527 440/530/528
f 440/530/528 429/529/527 430/531/529
f 440/530/528 430/531/529 439/532/530
f 439/532/530 430/531/529 431/533/531
f 439/532/530 431/533/531 438/534/532
f 438/534/532 431/533/531 432/535/533
f 438/534/532 432/535/533 437/536/534
f 437/536/534 432/535/533 433/537/535
f 437/536/534 433/537/535 436/538/536
f 436/538/536 433/537/535 434/539/537
f 436/538/536 434/539/537 435/540/538
f 435/540/538 434/539/537 365/541/539
f 435/540/538 365/541/539 366/542/540
f 503/543/541 367/544/542 504/545/543
f 504/545/543 367/544/542 502/546/544
f 505/547/545 506/548/546 566/549/547
f 566/549/547 506/548/546 565/550/548
f 565/550/548 506/548/546 507/551/549
f 565/550/548 507/551/549 564/552/550
f 564/552/550 507/551/549 508/553/551
f 564/552/550 508/553/551 563/554/552
f 563/554/552 508/553/551 509/555/553
f 563/554/552 509/555/553 562/556/554
f 562/556/554 509/555/553 510/557/555
f 562/556/554 510/557/555 561/558/556
f 561/558/556 510/557/555 511/559/557
f 561/558/556 511/559/557 560/560/558
f 560/560/558 511/559/557 512/561/559
f 560/560/558 512/561/559 559/562/560
f 559/562/560 512/561/559 513/563/561
f 559/562/560 513/563/561 558/564/562
f 558/564/562 513/563/561 514/565/563
f 558/564/562 514/565/563 557/566/564
f 557/566/564 514/565/563 515/567/565
f 557/566/564 515/567/565 556/568/566
f 556/568/566 515/567/565 516/569/567
f 556/568/566 516/569/567 555/570/568
f 555/570/568 516/569/567 517/571/569
f 555/570/568 517/571/569 554/572/570
f 554/572/570 517/571/569 518/573/571
f 554/572/570 518/573/571 553/574/572
f 553/574/572 518/573/571 519/575/573
f 553/574/572 519/575/573 552/576/574
f 552/576/574 519/575/573 520/577/575
f 552/576/574 520/577/575 551/578/576
f 551/578/576 520/577/575 521/579/577
f 551/578/576 521/579/577 550/580/578
f 550/580/578 521/579/577 522/581/579
f 550/580/578 522/581/579 549/582/580
f 549/582/580 522/581/579 523/583/581
f 549/582/580 523/583/581 548/584/582
f 548/584/582 523/583/581 524/585/583
f 548/584/582 524/585/583 547/586/584
f 547/586/584 524/585/583 525/587/585
f 547/586/584 525/587/585 546/588/586
f 546/588/586 525/587/585 526/589/587
f 546/588/586 526/589/587 545/590/588
f 545/590/588 526/589/587 527/591/589
f 545/590/588 527/591/589 544/592/590
f 544/592/590 527/591/589 528/593/591
f 544/592/590 528/593/591 543/594/592
f 543/594/592 528/593/591 529/595/593
f 543/594/592 529/595/593 542/596/594
f 542/596/594 529/595/593 530/597/595
f 542/596/594 530/597/595 541/598/596
f 541/598/596 530/597/595 531/599/597
f 541/598/596 531/599/597 540/600/598
f 540/600/598 531/599/597 532/601/599
f 540/600/598 532/601/599 539/602/600
f 539/602/600 532/601/599 533/603/601
f 539/602/600 533/603/601 538/604/602
f 538/604/602 533/603/601 534/605/603
f 538/604/602 534/605/603 537/606/604
f 537/606/604 534/605/603 535/607/605
f 537/606/604 535/607/605 536/608/606
f 536/608/606 535/607/605 503/609/607
f 536/608/606 503/609/607 504/610/608
f 567/611/609 505/612/610 568/613/611
f 568/613/611 505/612/610 566/614/612
f 569/615/613 570/616/614 598/617/615
f 598/617/615 570/616/614 597/618/616
f 597/618/616 570/616/614 571/619/617
f 597/618/616 571/619/617 596/620/618
f 596/620/618 571/619/617 572/621/619
f 596/620/618 572/621/619 595/622/620
f 595/622/620 572/621/619 573/623/621
f 595/622/620 573/623/621 594/624/622
f 594/624/622 573/623/621 574/625/623
f 594/624/622 574/625/623 593/626/624
f 593/626/624 574/625/623 575/627/625
f 593/626/624 575/627/625 592/628/626
f 592/628/626 575/627/625 576/629/627
f 592/628/626 576/629/627 591/630/628
f 591/630/628 576/629/627 577/631/629
f 591/630/628 577/631/629 590/632/630
f 590/632/630 577/631/629 578/633/631
f 590/632/630 578/633/631 589/634/632
f 589/634/632 578/633/631 579/635/633
f 589/634/632 579/635/633 588/636/634
f 588/636/634 579/635/633 580/637/635
f 588/636/634 580/637/635 587/638/636
f 587/638/636 580/637/635 581/639/637
f 587/638/636 581/639/637 586/640/638
f 586/640/638 581/639/637 582/641/639
f 586/640/638 582/641/639 585/642/640
f 585/642/640 582/641/639 583/643/641
f 585/642/640 583/643/641 584/644/642
f 584/644/642 583/643/641 567/645/643
f 584/644/642 567/645/643 568/646/644
f 599/647/645 569/648/646 600/649/647
f 600/649/647 569/648/646 598/650/648
f 601/651/649 602/652/650 606/653/651
f 606/653/651 602/652/650 605/654/652
f 605/654/652 602/652/650 603/655/653
f 605/654/652 603/655/653 604/656/654
f 604/656/654 603/655/653 599/657/655
f 604/656/654 599/657/655 600/658/656
f 607/659/657 601/660/658 608/661/659
f 608/661/659 601/660/658 606/662/660
f 640/663/661 609/664/662 655/665/663
f 655/665/663 609/664/662 610/666/664
f 655/665/663 610/666/664 611/667/665
f 655/665/663 611/667/665 654/668/666
f 654/668/666 611/667/665 612/669/667
f 654/668/666 612/669/667 653/670/668
f 653/670/668 612/669/667 613/671/669
f 653/670/668 613/671/669 652/672/670
f 652/672/670 613/671/669 614/673/671
f 652/672/670 614/673/671 651/674/672
f 651/674/672 614/673/671 615/675/673
f 651/674/672 615/675/673 650/676/674
f 650/676/674 615/675/673 616/677/675
f 650/676/674 616/677/675 649/678/676
f 649/678/676 616/677/675 617/679/677
f 649/678/676 617/679/677 648/680/678
f 648/680/678 617/679/677 618/681/679
f 648/680/678 618/681/679 647/682/680
f 647/682/680 618/681/679 619/683/681
f 647/682/680 619/683/681 646/684/682
f 646/684/682 619/683/681 620/685/683
f 646/684/682 620/685/683 645/686/684
f 645/686/684 620/685/683 621/687/685
f 645/686/684 621/687/685 644/688/686
f 644/688/686 621/687/685 622/689/687
f 644/688/686 622/689/687 643/690/688
f 643/690/688 622/689/687 623/691/689
f 643/690/688 623/691/689 642/692/690
f 642/692/690 623/691/689 624/693/691
f 642/692/690 624/693/691 641/694/692
f 641/694/692 624/693/691 607/695/693
f 641/694/692 607/695/693 608/696/694
f 608/696/694 625/697/695 641/694/692
f 641/694/692 625/697/695 626/698/696
f 641/694/692 626/698/696 642/692/690
f 642/692/690 626/698/696 627/699/697
f 642/692/690 627/699/697 643/690/688
f 643/690/688 627/699/697 628/700/698
f 643/690/688 628/700/698 644/688/686
f 644/688/686 628/700/698 629/701/699
f 644/688/686 629/701/699 645/686/684
f 645/686/684 629/701/699 630/702/700
f 645/686/684 630/702/700 646/684/682
f 646/684/682 630/702/700 631/703/701
f 646/684/682 631/703/701 647/682/680
f 647/682/680 631/703/701 632/704/702
f 647/682/680 632/704/702 648/680/678
f 648/680/678 632/704/702 633/705/703
f 648/680/678 633/705/703 649/678/676
f 649/678/676 633/705/703 634/706/704
f 649/678/676 634/706/704 650/676/674
f 650/676/674 634/706/704 635/707/705
f 650/676/674 635/707/705 651/674/672
f 651/674/672 635/707/705 636/708/706
f 651/674/672 636/708/706 652/672/670
f 652/672/670 636/708/706 637/709/707
f 652/672/670 637/709/707 653/670/668
f 653/670/668 637/709/707 638/710/708
f 653/670/668 638/710/708 654/668/666
f 654/668/666 638/710/708 639/711/709
f 654/668/666 639/711/709 655/665/663
f 655/665/663 639/711/709 640/663/661
f 656/712/710 609/713/711 657/714/712
f 657/714/712 609/713/711 640/715/713
f 658/716/714 656/717/715 659/718/716
f 659/718/716 656/717/715 657/719/717
f 118/720/718 660/721/719 119/722/720
f 119/722/720 660/721/719 673/723/721
f 673/723/721 660/721/719 661/724/722
f 673/723/721 661/724/722 672/725/723
f 672/725/723 661/724/722 662/726/724
f 672/725/723 662/726/724 671/727/725
f 671/727/725 662/726/724 663/728/726
f 671/727/725 663/728/726 670/729/727
f 670/729/727 663/728/726 664/730/728
f 670/729/727 664/730/728 669/731/729
f 669/731/729 664/730/728 665/732/730
f 669/731/729 665/732/730 668/733/731
f 668/733/731 665/732/730 666/734/732
f 668/733/731 666/734/732 667/735/733
f 667/735/733 666/734/732 658/736/734
f 667/735/733 658/736/734 659/737/735
f 116/738/736 568/739/737 15/740/738
f 15/740/738 568/739/737 566/741/739
f 15/740/738 566/741/739 16/742/740
f 16/742/740 566/741/739 17/743/741
f 17/743/741 566/741/739 18/744/742
f 18/744/742 566/741/739 542/745/743
f 18/744/742 542/745/743 541/746/744
f 115/747/745 587/748/746 116/738/736
f 116/738/736 587/748/746 586/749/747
f 116/738/736 586/749/747 585/750/748
f 114/751/749 589/752/750 115/747/745
f 115/747/745 589/752/750 588/753/751
f 115/747/745 588/753/751 587/748/746
f 113/754/752 671/755/753 114/751/749
f 114/751/749 671/755/753 670/756/754
f 114/751/749 670/756/754 589/752/750
f 589/752/750 670/756/754 590/757/755
f 590/757/755 670/756/754 669/758/756
f 590/757/755 669/758/756 591/759/757
f 591/759/757 669/758/756 592/760/758
f 592/760/758 669/758/756 668/761/759
f 592/760/758 668/761/759 593/762/760
f 593/762/760 668/761/759 594/763/761
f 594/763/761 668/761/759 667/764/762
f 594/763/761 667/764/762 595/765/763
f 595/765/763 667/764/762 659/766/764
f 595/765/763 659/766/764 596/767/765
f 596/767/765 659/766/764 597/768/766
f 597/768/766 659/766/764 598/769/767
f 598/769/767 659/766/764 657/770/768
f 598/769/767 657/770/768 600/771/769
f 600/771/769 657/770/768 604/772/770
f 604/772/770 657/770/768 605/773/771
f 605/773/771 657/770/768 640/774/772
f 605/773/771 640/774/772 606/775/773
f 606/775/773 640/774/772 639/776/774
f 606/775/773 639/776/774 608/777/775
f 608/777/775 639/776/774 638/778/776
f 608/777/775 638/778/776 637/779/777
f 671/755/753 113/754/752 672/780/778
f 672/780/778 113/754/752 112/781/779
f 672/780/778 112/781/779 673/782/780
f 673/782/780 112/781/779 111/783/781
f 673/782/780 111/783/781 172/784/782
f 172/784/782 111/783/781 110/785/783
f 172/784/782 110/785/783 173/786/784
f 173/786/784 110/785/783 174/787/785
f 174/787/785 110/785/783 109/788/786
f 174/787/785 109/788/786 175/789/787
f 175/789/787 109/788/786 108/790/788
f 175/789/787 108/790/788 176/791/789
f 176/791/789 108/790/788 98/792/790
f 176/791/789 98/792/790 177/793/791
f 177/793/791 98/792/790 178/794/792
f 178/794/792 98/792/790 96/795/793
f 178/794/792 96/795/793 180/796/794
f 180/796/794 96/795/793 95/797/795
f 180/796/794 95/797/795 94/798/796
f 94/798/796 93/799/797 180/796/794
f 180/796/794 93/799/797 92/800/798
f 180/796/794 92/800/798 91/801/799
f 91/801/799 90/802/800 180/796/794
f 180/796/794 90/802/800 309/803/801
f 180/796/794 309/803/801 308/804/802
f 90/802/800 89/805/803 309/803/801
f 309/803/801 89/805/803 310/806/804
f 310/806/804 89/805/803 88/807/805
f 310/806/804 88/807/805 311/808/806
f 311/808/806 88/807/805 87/809/807
f 311/808/806 87/809/807 86/810/808
f 311/808/806 86/810/808 312/811/809
f 312/811/809 86/810/808 85/812/810
f 312/811/809 85/812/810 313/813/811
f 313/813/811 85/812/810 84/814/812
f 313/813/811 84/814/812 83/815/813
f 313/813/811 83/815/813 314/816/814
f 314/816/814 83/815/813 82/817/815
f 314/816/814 82/817/815 81/818/816
f 81/818/816 80/819/817 314/816/814
f 314/816/814 80/819/817 315/820/818
f 315/820/818 80/819/817 79/821/819
f 315/820/818 79/821/819 78/822/820
f 78/822/820 77/823/821 315/820/818
f 315/820/818 77/823/821 316/824/822
f 316/824/822 77/823/821 76/825/823
f 316/824/822 76/825/823 317/826/824
f 317/826/824 76/825/823 75/827/825
f 317/826/824 75/827/825 318/828/826
f 318/828/826 75/827/825 74/829/827
f 318/828/826 74/829/827 319/830/828
f 319/830/828 74/829/827 320/831/829
f 320/831/829 74/829/827 73/832/830
f 320/831/829 73/832/830 321/833/831
f 321/833/831 73/832/830 322/834/832
f 322/834/832 73/832/830 72/835/833
f 322/834/832 72/835/833 323/836/834
f 323/836/834 72/835/833 71/837/835
f 323/836/834 71/837/835 324/838/836
f 324/838/836 71/837/835 325/839/837
f 325/839/837 71/837/835 70/840/838
f 325/839/837 70/840/838 326/841/839
f 326/841/839 70/840/838 327/842/840
f 327/842/840 70/840/838 69/843/841
f 327/842/840 69/843/841 328/844/842
f 328/844/842 69/843/841 438/845/843
f 328/844/842 438/845/843 329/846/844
f 329/846/844 438/845/843 437/847/845
f 329/846/844 437/847/845 330/848/846
f 330/848/846 437/847/845 436/849/847
f 330/848/846 436/849/847 331/850/848
f 331/850/848 436/849/847 435/851/849
f 331/850/848 435/851/849 332/852/850
f 332/852/850 435/851/849 366/853/851
f 332/852/850 366/853/851 333/854/852
f 333/854/852 366/853/851 334/855/853
f 334/855/853 366/853/851 364/856/854
f 334/855/853 364/856/854 335/857/855
f 335/857/855 364/856/854 336/858/856
f 336/858/856 364/856/854 362/859/857
f 336/858/856 362/859/857 337/860/858
f 337/860/858 362/859/857 338/861/859
f 338/861/859 362/859/857 339/862/860
f 339/862/860 362/859/857 360/863/861
f 339/862/860 360/863/861 340/864/862
f 340/864/862 360/863/861 341/865/863
f 341/865/863 360/863/861 342/866/864
f 342/866/864 360/863/861 343/867/865
f 343/867/865 360/863/861 344/868/866
f 344/868/866 360/863/861 359/869/867
f 344/868/866 359/869/867 358/870/868
f 69/843/841 68/871/869 438/845/843
f 438/845/843 68/871/869 439/872/870
f 439/872/870 68/871/869 67/873/871
f 439/872/870 67/873/871 440/874/872
f 440/874/872 67/873/871 66/875/873
f 440/874/872 66/875/873 441/876/874
f 441/876/874 66/875/873 496/877/875
f 441/876/874 496/877/875 495/878/876
f 496/877/875 66/875/873 497/879/877
f 497/879/877 66/875/873 65/880/878
f 497/879/877 65/880/878 498/881/879
f 498/881/879 65/880/878 64/882/880
f 498/881/879 64/882/880 499/883/881
f 499/883/881 64/882/880 500/884/882
f 500/884/882 64/882/880 30/885/883
f 500/884/882 30/885/883 501/886/884
f 501/886/884 30/885/883 502/887/885
f 502/887/885 30/885/883 28/888/886
f 502/887/885 28/888/886 504/889/887
f 504/889/887 28/888/886 536/890/888
f 536/890/888 28/888/886 27/891/889
f 536/890/888 27/891/889 537/892/890
f 537/892/890 27/891/889 26/893/891
f 537/892/890 26/893/891 538/894/892
f 538/894/892 26/893/891 25/895/893
f 538/894/892 25/895/893 24/896/894
f 538/894/892 24/896/894 539/897/895
f 539/897/895 24/896/894 23/898/896
f 539/897/895 23/898/896 22/899/897
f 22/899/897 21/900/898 539/897/895
f 539/897/895 21/900/898 540/901/899
f 540/901/899 21/900/898 20/902/900
f 540/901/899 20/902/900 541/746/744
f 541/746/744 20/902/900 19/903/901
f 541/746/744 19/903/901 18/744/742
f 673/782/780 171/904/902 119/905/903
f 119/905/903 171/904/902 170/906/904
f 119/905/903 170/906/904 169/907/905
f 636/908/906 626/909/907 637/779/777
f 637/779/777 626/909/907 625/910/908
f 637/779/777 625/910/908 608/777/775
f 626/909/907 636/908/906 627/911/909
f 627/911/909 636/908/906 635/912/910
f 627/911/909 635/912/910 628/913/911
f 628/913/911 635/912/910 629/914/912
f 629/914/912 635/912/910 634/915/913
f 629/914/912 634/915/913 630/916/914
f 630/916/914 634/915/913 633/917/915
f 630/916/914 633/917/915 632/918/916
f 632/918/916 631/919/917 630/916/914
f 585/750/748 584/920/918 116/738/736
f 116/738/736 584/920/918 568/739/737
f 565/921/919 553/922/920 566/741/739
f 566/741/739 553/922/920 546/923/921
f 566/741/739 546/923/921 545/924/922
f 553/922/920 565/921/919 554/925/923
f 554/925/923 565/921/919 564/926/924
f 554/925/923 564/926/924 555/927/925
f 555/927/925 564/926/924 557/928/926
f 555/927/925 557/928/926 556/929/927
f 557/928/926 564/926/924 558/930/928
f 558/930/928 564/926/924 563/931/929
f 558/930/928 563/931/929 559/932/930
f 559/932/930 563/931/929 560/933/931
f 560/933/931 563/931/929 562/934/932
f 560/933/931 562/934/932 561/935/933
f 553/922/920 552/936/934 546/923/921
f 546/923/921 552/936/934 547/937/935
f 547/937/935 552/936/934 548/938/936
f 548/938/936 552/936/934 549/939/937
f 549/939/937 552/936/934 550/940/938
f 550/940/938 552/936/934 551/941/939
f 545/924/922 544/942/940 566/741/739
f 566/741/739 544/942/940 543/943/941
f 566/741/739 543/943/941 542/745/743
f 495/878/876 494/944/942 441/876/874
f 441/876/874 494/944/942 442/945/943
f 442/945/943 494/944/942 493/946/944
f 442/945/943 493/946/944 492/947/945
f 442/945/943 492/947/945 443/948/946
f 443/948/946 492/947/945 491/949/947
f 443/948/946 491/949/947 444/950/948
f 444/950/948 491/949/947 490/951/949
f 444/950/948 490/951/949 445/952/950
f 445/952/950 490/951/949 489/953/951
f 445/952/950 489/953/951 488/954/952
f 445/952/950 488/954/952 446/955/953
f 446/955/953 488/954/952 487/956/954
f 446/955/953 487/956/954 447/957/955
f 447/957/955 487/956/954 486/958/956
f 447/957/955 486/958/956 485/959/957
f 447/957/955 485/959/957 448/960/958
f 448/960/958 485/959/957 484/961/959
f 448/960/958 484/961/959 449/962/960
f 449/962/960 484/961/959 483/963/961
f 449/962/960 483/963/961 450/964/962
f 450/964/962 483/963/961 482/965/963
f 450/964/962 482/965/963 451/966/964
f 451/966/964 482/965/963 481/967/965
f 451/966/964 481/967/965 452/968/966
f 452/968/966 481/967/965 480/969/967
f 452/968/966 480/969/967 453/970/968
f 453/970/968 480/969/967 479/971/969
f 453/970/968 479/971/969 478/972/970
f 453/970/968 478/972/970 454/973/971
f 454/973/971 478/972/970 477/974/972
f 454/973/971 477/974/972 455/975/973
f 455/975/973 477/974/972 476/976/974
f 455/975/973 476/976/974 456/977/975
f 456/977/975 476/976/974 475/978/976
f 456/977/975 475/978/976 457/979/977
f 457/979/977 475/978/976 474/980/978
f 457/979/977 474/980/978 458/981/979
f 458/981/979 474/980/978 459/982/980
f 459/982/980 474/980/978 460/983/981
f 460/983/981 474/980/978 461/984/982
f 461/984/982 474/980/978 462/985/983
f 462/985/983 474/980/978 463/986/984
f 463/986/984 474/980/978 464/987/985
f 464/987/985 474/980/978 473/988/986
f 464/987/985 473/988/986 465/989/987
f 465/989/987 473/988/986 466/990/988
f 466/990/988 473/988/986 467/991/989
f 467/991/989 473/988/986 468/992/990
f 468/992/990 473/988/986 472/993/991
f 468/992/990 472/993/991 469/994/992
f 469/994/992 472/993/991 471/995/993
f 469/994/992 471/995/993 470/996/994
f 358/870/868 357/997/995 344/868/866
f 344/868/866 357/997/995 356/998/996
f 344/868/866 356/998/996 355/999/997
f 355/999/997 354/1000/998 344/868/866
f 344/868/866 354/1000/998 345/1001/999
f 345/1001/999 354/1000/998 353/1002/1000
f 345/1001/999 353/1002/1000 352/1003/1001
f 345/1001/999 352/1003/1001 346/1004/1002
f 346/1004/1002 352/1003/1001 351/1005/1003
f 346/1004/1002 351/1005/1003 350/1006/1004
f 346/1004/1002 350/1006/1004 347/1007/1005
f 347/1007/1005 350/1006/1004 349/1008/1006
f 347/1007/1005 349/1008/1006 348/1009/1007
f 308/804/802 307/1010/1008 180/796/794
f 180/796/794 307/1010/1008 252/1011/1009
f 180/796/794 252/1011/1009 201/1012/1010
f 201/1012/1010 252/1011/1009 202/1013/1011
f 202/1013/1011 252/1011/1009 203/1014/1012
f 203/1014/1012 252/1011/1009 204/1015/1013
f 204/1015/1013 252/1011/1009 205/1016/1014
f 205/1016/1014 252/1011/1009 206/1017/1015
f 206/1017/1015 252/1011/1009 207/1018/1016
f 207/1018/1016 252/1011/1009 250/1019/1017
f 207/1018/1016 250/1019/1017 208/1020/1018
f 208/1020/1018 250/1019/1017 209/1021/1019
f 209/1021/1019 250/1019/1017 220/1022/1020
f 209/1021/1019 220/1022/1020 210/1023/1021
f 210/1023/1021 220/1022/1020 219/1024/1022
f 210/1023/1021 219/1024/1022 211/1025/1023
f 211/1025/1023 219/1024/1022 218/1026/1024
f 211/1025/1023 218/1026/1024 217/1027/1025
f 220/1022/1020 250/1019/1017 222/1028/1026
f 222/1028/1026 250/1019/1017 249/1029/1027
f 222/1028/1026 249/1029/1027 237/1030/1028
f 237/1030/1028 249/1029/1027 238/1031/1029
f 238/1031/1029 249/1029/1027 239/1032/1030
f 239/1032/1030 249/1029/1027 240/1033/1031
f 240/1033/1031 249/1029/1027 248/1034/1032
f 240/1033/1031 248/1034/1032 241/1035/1033
f 241/1035/1033 248/1034/1032 242/1036/1034
f 242/1036/1034 248/1034/1032 243/1037/1035
f 243/1037/1035 248/1034/1032 247/1038/1036
f 243/1037/1035 247/1038/1036 244/1039/1037
f 244/1039/1037 247/1038/1036 246/1040/1038
f 244/1039/1037 246/1040/1038 245/1041/1039
f 217/1027/1025 216/1042/1040 211/1025/1023
f 211/1025/1023 216/1042/1040 215/1043/1041
f 211/1025/1023 215/1043/1041 212/1044/1042
f 212/1044/1042 215/1043/1041 214/1045/1043
f 212/1044/1042 214/1045/1043 213/1046/1044
f 172/784/782 171/904/902 673/782/780
f 169/907/905 158/1047/1045 119/905/903
f 119/905/903 158/1047/1045 120/1048/1046
f 120/1048/1046 158/1047/1045 156/1049/1047
f 120/1048/1046 156/1049/1047 122/1050/1048
f 122/1050/1048 156/1049/1047 155/1051/1049
f 122/1050/1048 155/1051/1049 154/1052/1050
f 154/1052/1050 153/1053/1051 122/1050/1048
f 122/1050/1048 153/1053/1051 140/1054/1052
f 140/1054/1052 153/1053/1051 141/1055/1053
f 141/1055/1053 153/1053/1051 142/1056/1054
f 142/1056/1054 153/1053/1051 152/1057/1055
f 142/1056/1054 152/1057/1055 143/1058/1056
f 143/1058/1056 152/1057/1055 151/1059/1057
f 143/1058/1056 151/1059/1057 144/1060/1058
f 144/1060/1058 151/1059/1057 150/1061/1059
f 144/1060/1058 150/1061/1059 145/1062/1060
f 145/1062/1060 150/1061/1059 146/1063/1061
f 146/1063/1061 150/1061/1059 149/1064/1062
f 146/1063/1061 149/1064/1062 147/1065/1063
f 147/1065/1063 149/1064/1062 148/1066/1064
f 14/1067/1065 567/1068/1066 99/1069/1067
f 99/1069/1067 567/1068/1066 583/1070/1068
f 99/1069/1067 583/1070/1068 582/1071/1069
f 567/1068/1066 14/1067/1065 505/1072/1070
f 505/1072/1070 14/1067/1065 13/1073/1071
f 505/1072/1070 13/1073/1071 12/1074/1072
f 12/1074/1072 11/1075/1073 505/1072/1070
f 505/1072/1070 11/1075/1073 529/1076/1074
f 505/1072/1070 529/1076/1074 528/1077/1075
f 529/1076/1074 11/1075/1073 530/1078/1076
f 530/1078/1076 11/1075/1073 10/1079/1077
f 530/1078/1076 10/1079/1077 9/1080/1078
f 530/1078/1076 9/1080/1078 531/1081/1079
f 531/1081/1079 9/1080/1078 8/1082/1080
f 531/1081/1079 8/1082/1080 532/1083/1081
f 532/1083/1081 8/1082/1080 7/1084/1082
f 532/1083/1081 7/1084/1082 6/1085/1083
f 6/1085/1083 5/1086/1084 532/1083/1081
f 532/1083/1081 5/1086/1084 533/1087/1085
f 533/1087/1085 5/1086/1084 4/1088/1086
f 533/1087/1085 4/1088/1086 3/1089/1087
f 533/1087/1085 3/1089/1087 534/1090/1088
f 534/1090/1088 3/1089/1087 2/1091/1089
f 534/1090/1088 2/1091/1089 535/1092/1090
f 535/1092/1090 2/1091/1089 1/1093/1091
f 535/1092/1090 1/1093/1091 503/1094/1092
f 503/1094/1092 1/1093/1091 367/1095/1093
f 367/1095/1093 1/1093/1091 29/1096/1094
f 367/1095/1093 29/1096/1094 368/1097/1095
f 368/1097/1095 29/1096/1094 369/1098/1096
f 369/1098/1096 29/1096/1094 63/1099/1097
f 369/1098/1096 63/1099/1097 370/1100/1098
f 370/1100/1098 63/1099/1097 371/1101/1099
f 371/1101/1099 63/1099/1097 62/1102/1100
f 371/1101/1099 62/1102/1100 372/1103/1101
f 372/1103/1101 62/1102/1100 61/1104/1102
f 372/1103/1101 61/1104/1102 373/1105/1103
f 373/1105/1103 61/1104/1102 428/1106/1104
f 373/1105/1103 428/1106/1104 374/1107/1105
f 374/1107/1105 428/1106/1104 375/1108/1106
f 375/1108/1106 428/1106/1104 427/1109/1107
f 375/1108/1106 427/1109/1107 376/1110/1108
f 376/1110/1108 427/1109/1107 377/1111/1109
f 377/1111/1109 427/1109/1107 426/1112/1110
f 377/1111/1109 426/1112/1110 378/1113/1111
f 378/1113/1111 426/1112/1110 425/1114/1112
f 378/1113/1111 425/1114/1112 379/1115/1113
f 379/1115/1113 425/1114/1112 424/1116/1114
f 379/1115/1113 424/1116/1114 380/1117/1115
f 380/1117/1115 424/1116/1114 381/1118/1116
f 381/1118/1116 424/1116/1114 423/1119/1117
f 381/1118/1116 423/1119/1117 382/1120/1118
f 382/1120/1118 423/1119/1117 422/1121/1119
f 382/1120/1118 422/1121/1119 383/1122/1120
f 383/1122/1120 422/1121/1119 384/1123/1121
f 384/1123/1121 422/1121/1119 421/1124/1122
f 384/1123/1121 421/1124/1122 385/1125/1123
f 385/1125/1123 421/1124/1122 420/1126/1124
f 385/1125/1123 420/1126/1124 386/1127/1125
f 386/1127/1125 420/1126/1124 419/1128/1126
f 386/1127/1125 419/1128/1126 387/1129/1127
f 387/1129/1127 419/1128/1126 418/1130/1128
f 387/1129/1127 418/1130/1128 388/1131/1129
f 388/1131/1129 418/1130/1128 417/1132/1130
f 388/1131/1129 417/1132/1130 389/1133/1131
f 389/1133/1131 417/1132/1130 416/1134/1132
f 389/1133/1131 416/1134/1132 390/1135/1133
f 390/1135/1133 416/1134/1132 391/1136/1134
f 391/1136/1134 416/1134/1132 415/1137/1135
f 391/1136/1134 415/1137/1135 392/1138/1136
f 392/1138/1136 415/1137/1135 414/1139/1137
f 392/1138/1136 414/1139/1137 393/1140/1138
f 393/1140/1138 414/1139/1137 413/1141/1139
f 393/1140/1138 413/1141/1139 394/1142/1140
f 394/1142/1140 413/1141/1139 412/1143/1141
f 394/1142/1140 412/1143/1141 395/1144/1142
f 395/1144/1142 412/1143/1141 411/1145/1143
f 395/1144/1142 411/1145/1143 410/1146/1144
f 428/1106/1104 61/1104/1102 429/1147/1145
f 429/1147/1145 61/1104/1102 60/1148/1146
f 429/1147/1145 60/1148/1146 430/1149/1147
f 430/1149/1147 60/1148/1146 59/1150/1148
f 430/1149/1147 59/1150/1148 431/1151/1149
f 431/1151/1149 59/1150/1148 58/1152/1150
f 431/1151/1149 58/1152/1150 285/1153/1151
f 285/1153/1151 58/1152/1150 286/1154/1152
f 286/1154/1152 58/1152/1150 57/1155/1153
f 286/1154/1152 57/1155/1153 287/1156/1154
f 287/1156/1154 57/1155/1153 288/1157/1155
f 288/1157/1155 57/1155/1153 56/1158/1156
f 288/1157/1155 56/1158/1156 289/1159/1157
f 289/1159/1157 56/1158/1156 290/1160/1158
f 290/1160/1158 56/1158/1156 55/1161/1159
f 290/1160/1158 55/1161/1159 291/1162/1160
f 291/1162/1160 55/1161/1159 54/1163/1161
f 291/1162/1160 54/1163/1161 292/1164/1162
f 292/1164/1162 54/1163/1161 293/1165/1163
f 293/1165/1163 54/1163/1161 53/1166/1164
f 293/1165/1163 53/1166/1164 294/1167/1165
f 294/1167/1165 53/1166/1164 295/1168/1166
f 295/1168/1166 53/1166/1164 52/1169/1167
f 295/1168/1166 52/1169/1167 296/1170/1168
f 296/1170/1168 52/1169/1167 51/1171/1169
f 296/1170/1168 51/1171/1169 297/1172/1170
f 297/1172/1170 51/1171/1169 50/1173/1171
f 297/1172/1170 50/1173/1171 298/1174/1172
f 298/1174/1172 50/1173/1171 49/1175/1173
f 298/1174/1172 49/1175/1173 48/1176/1174
f 48/1176/1174 47/1177/1175 298/1174/1172
f 298/1174/1172 47/1177/1175 299/1178/1176
f 299/1178/1176 47/1177/1175 46/1179/1177
f 299/1178/1176 46/1179/1177 45/1180/1178
f 45/1180/1178 44/1181/1179 299/1178/1176
f 299/1178/1176 44/1181/1179 300/1182/1180
f 300/1182/1180 44/1181/1179 43/1183/1181
f 300/1182/1180 43/1183/1181 42/1184/1182
f 300/1182/1180 42/1184/1182 301/1185/1183
f 301/1185/1183 42/1184/1182 41/1186/1184
f 301/1185/1183 41/1186/1184 302/1187/1185
f 302/1187/1185 41/1186/1184 40/1188/1186
f 302/1187/1185 40/1188/1186 39/1189/1187
f 302/1187/1185 39/1189/1187 303/1190/1188
f 303/1190/1188 39/1189/1187 38/1191/1189
f 303/1190/1188 38/1191/1189 304/1192/1190
f 304/1192/1190 38/1191/1189 37/1193/1191
f 304/1192/1190 37/1193/1191 179/1194/1192
f 179/1194/1192 37/1193/1191 36/1195/1193
f 179/1194/1192 36/1195/1193 35/1196/1194
f 35/1196/1194 34/1197/1195 179/1194/1192
f 179/1194/1192 34/1197/1195 33/1198/1196
f 179/1194/1192 33/1198/1196 32/1199/1197
f 32/1199/1197 31/1200/1198 179/1194/1192
f 179/1194/1192 31/1200/1198 159/1201/1199
f 159/1201/1199 31/1200/1198 97/1202/1200
f 159/1201/1199 97/1202/1200 160/1203/1201
f 160/1203/1201 97/1202/1200 161/1204/1202
f 161/1204/1202 97/1202/1200 107/1205/1203
f 161/1204/1202 107/1205/1203 162/1206/1204
f 162/1206/1204 107/1205/1203 106/1207/1205
f 162/1206/1204 106/1207/1205 163/1208/1206
f 163/1208/1206 106/1207/1205 105/1209/1207
f 163/1208/1206 105/1209/1207 164/1210/1208
f 164/1210/1208 105/1209/1207 165/1211/1209
f 165/1211/1209 105/1209/1207 104/1212/1210
f 165/1211/1209 104/1212/1210 660/1213/1211
f 660/1213/1211 104/1212/1210 103/1214/1212
f 660/1213/1211 103/1214/1212 661/1215/1213
f 661/1215/1213 103/1214/1212 102/1216/1214
f 661/1215/1213 102/1216/1214 662/1217/1215
f 662/1217/1215 102/1216/1214 101/1218/1216
f 662/1217/1215 101/1218/1216 663/1219/1217
f 663/1219/1217 101/1218/1216 578/1220/1218
f 663/1219/1217 578/1220/1218 577/1221/1219
f 101/1218/1216 100/1222/1220 578/1220/1218
f 578/1220/1218 100/1222/1220 579/1223/1221
f 579/1223/1221 100/1222/1220 580/1224/1222
f 580/1224/1222 100/1222/1220 99/1069/1067
f 580/1224/1222 99/1069/1067 581/1225/1223
f 581/1225/1223 99/1069/1067 582/1071/1069
f 666/1226/1224 572/1227/1225 658/1228/1226
f 658/1228/1226 572/1227/1225 571/1229/1227
f 658/1228/1226 571/1229/1227 570/1230/1228
f 572/1227/1225 666/1226/1224 573/1231/1229
f 573/1231/1229 666/1226/1224 665/1232/1230
f 573/1231/1229 665/1232/1230 574/1233/1231
f 574/1233/1231 665/1232/1230 575/1234/1232
f 575/1234/1232 665/1232/1230 664/1235/1233
f 575/1234/1232 664/1235/1233 576/1236/1234
f 576/1236/1234 664/1235/1233 577/1221/1219
f 577/1221/1219 664/1235/1233 663/1219/1217
f 165/1211/1209 660/1213/1211 166/1237/1235
f 166/1237/1235 660/1213/1211 118/1238/1236
f 166/1237/1235 118/1238/1236 167/1239/1237
f 167/1239/1237 118/1238/1236 168/1240/1238
f 168/1240/1238 118/1238/1236 157/1241/1239
f 157/1241/1239 118/1238/1236 117/1242/1240
f 157/1241/1239 117/1242/1240 123/1243/1241
f 123/1243/1241 117/1242/1240 121/1244/1242
f 123/1243/1241 121/1244/1242 124/1245/1243
f 124/1245/1243 121/1244/1242 125/1246/1244
f 125/1246/1244 121/1244/1242 126/1247/1245
f 126/1247/1245 121/1244/1242 139/1248/1246
f 126/1247/1245 139/1248/1246 138/1249/1247
f 138/1249/1247 137/1250/1248 126/1247/1245
f 126/1247/1245 137/1250/1248 127/1251/1249
f 127/1251/1249 137/1250/1248 136/1252/1250
f 127/1251/1249 136/1252/1250 128/1253/1251
f 128/1253/1251 136/1252/1250 135/1254/1252
f 128/1253/1251 135/1254/1252 129/1255/1253
f 129/1255/1253 135/1254/1252 134/1256/1254
f 129/1255/1253 134/1256/1254 133/1257/1255
f 129/1255/1253 133/1257/1255 130/1258/1256
f 130/1258/1256 133/1257/1255 132/1259/1257
f 130/1258/1256 132/1259/1257 131/1260/1258
f 200/1261/1259 251/1262/1260 179/1194/1192
f 179/1194/1192 251/1262/1260 306/1263/1261
f 179/1194/1192 306/1263/1261 305/1264/1262
f 200/1261/1259 199/1265/1263 251/1262/1260
f 251/1262/1260 199/1265/1263 198/1266/1264
f 251/1262/1260 198/1266/1264 197/1267/1265
f 197/1267/1265 196/1268/1266 251/1262/1260
f 251/1262/1260 196/1268/1266 195/1269/1267
f 251/1262/1260 195/1269/1267 194/1270/1268
f 251/1262/1260 194/1270/1268 223/1271/1269
f 223/1271/1269 194/1270/1268 193/1272/1270
f 223/1271/1269 193/1272/1270 192/1273/1271
f 223/1271/1269 192/1273/1271 181/1274/1272
f 181/1274/1272 192/1273/1271 191/1275/1273
f 181/1274/1272 191/1275/1273 182/1276/1274
f 182/1276/1274 191/1275/1273 190/1277/1275
f 182/1276/1274 190/1277/1275 183/1278/1276
f 183/1278/1276 190/1277/1275 184/1279/1277
f 184/1279/1277 190/1277/1275 185/1280/1278
f 185/1280/1278 190/1277/1275 186/1281/1279
f 186/1281/1279 190/1277/1275 189/1282/1280
f 186/1281/1279 189/1282/1280 187/1283/1281
f 187/1283/1281 189/1282/1280 188/1284/1282
f 181/1274/1272 221/1285/1283 223/1271/1269
f 223/1271/1269 221/1285/1283 224/1286/1284
f 224/1286/1284 221/1285/1283 236/1287/1285
f 224/1286/1284 236/1287/1285 235/1288/1286
f 235/1288/1286 234/1289/1287 224/1286/1284
f 224/1286/1284 234/1289/1287 233/1290/1288
f 224/1286/1284 233/1290/1288 225/1291/1289
f 225/1291/1289 233/1290/1288 232/1292/1290
f 225/1291/1289 232/1292/1290 231/1293/1291
f 231/1293/1291 230/1294/1292 225/1291/1289
f 225/1291/1289 230/1294/1292 226/1295/1293
f 226/1295/1293 230/1294/1292 229/1296/1294
f 226/1295/1293 229/1296/1294 227/1297/1295
f 227/1297/1295 229/1296/1294 228/1298/1296
f 305/1264/1262 304/1192/1190 179/1194/1192
f 285/1153/1151 284/1299/1297 431/1151/1149
f 431/1151/1149 284/1299/1297 432/1300/1298
f 432/1300/1298 284/1299/1297 283/1301/1299
f 432/1300/1298 283/1301/1299 433/1302/1300
f 433/1302/1300 283/1301/1299 282/1303/1301
f 433/1302/1300 282/1303/1301 434/1304/1302
f 434/1304/1302 282/1303/1301 281/1305/1303
f 434/1304/1302 281/1305/1303 365/1306/1304
f 365/1306/1304 281/1305/1303 280/1307/1305
f 365/1306/1304 280/1307/1305 279/1308/1306
f 365/1306/1304 279/1308/1306 363/1309/1307
f 363/1309/1307 279/1308/1306 278/1310/1308
f 363/1309/1307 278/1310/1308 277/1311/1309
f 363/1309/1307 277/1311/1309 361/1312/1310
f 361/1312/1310 277/1311/1309 276/1313/1311
f 361/1312/1310 276/1313/1311 275/1314/1312
f 275/1314/1312 274/1315/1313 361/1312/1310
f 361/1312/1310 274/1315/1313 253/1316/1314
f 253/1316/1314 274/1315/1313 273/1317/1315
f 253/1316/1314 273/1317/1315 272/1318/1316
f 272/1318/1316 271/1319/1317 253/1316/1314
f 253/1316/1314 271/1319/1317 270/1320/1318
f 253/1316/1314 270/1320/1318 269/1321/1319
f 268/1322/1320 259/1323/1321 269/1321/1319
f 269/1321/1319 259/1323/1321 258/1324/1322
f 269/1321/1319 258/1324/1322 257/1325/1323
f 267/1326/1324 261/1327/1325 268/1322/1320
f 268/1322/1320 261/1327/1325 260/1328/1326
f 268/1322/1320 260/1328/1326 259/1323/1321
f 266/1329/1327 263/1330/1328 267/1326/1324
f 267/1326/1324 263/1330/1328 262/1331/1329
f 267/1326/1324 262/1331/1329 261/1327/1325
f 265/1332/1330 264/1333/1331 266/1329/1327
f 266/1329/1327 264/1333/1331 263/1330/1328
f 257/1325/1323 256/1334/1332 269/1321/1319
f 269/1321/1319 256/1334/1332 255/1335/1333
f 269/1321/1319 255/1335/1333 254/1336/1334
f 254/1336/1334 253/1316/1314 269/1321/1319
f 410/1146/1144 409/1337/1335 395/1144/1142
f 395/1144/1142 409/1337/1335 408/1338/1336
f 395/1144/1142 408/1338/1336 407/1339/1337
f 407/1339/1337 406/1340/1338 395/1144/1142
f 395/1144/1142 406/1340/1338 405/1341/1339
f 395/1144/1142 405/1341/1339 396/1342/1340
f 396/1342/1340 405/1341/1339 404/1343/1341
f 396/1342/1340 404/1343/1341 403/1344/1342
f 403/1344/1342 402/1345/1343 396/1342/1340
f 396/1342/1340 402/1345/1343 401/1346/1344
f 396/1342/1340 401/1346/1344 397/1347/1345
f 397/1347/1345 401/1346/1344 400/1348/1346
f 397/1347/1345 400/1348/1346 398/1349/1347
f 398/1349/1347 400/1348/1346 399/1350/1348
f 528/1077/1075 527/1351/1349 505/1072/1070
f 505/1072/1070 527/1351/1349 526/1352/1350
f 505/1072/1070 526/1352/1350 525/1353/1351
f 524/1354/1352 519/1355/1353 525/1353/1351
f 525/1353/1351 519/1355/1353 518/1356/1354
f 525/1353/1351 518/1356/1354 505/1072/1070
f 505/1072/1070 518/1356/1354 506/1357/1355
f 506/1357/1355 518/1356/1354 517/1358/1356
f 506/1357/1355 517/1358/1356 507/1359/1357
f 507/1359/1357 517/1358/1356 516/1360/1358
f 507/1359/1357 516/1360/1358 514/1361/1359
f 514/1361/1359 516/1360/1358 515/1362/1360
f 524/1354/1352 523/1363/1361 519/1355/1353
f 519/1355/1353 523/1363/1361 522/1364/1362
f 519/1355/1353 522/1364/1362 521/1365/1363
f 521/1365/1363 520/1366/1364 519/1355/1353
f 514/1361/1359 513/1367/1365 507/1359/1357
f 507/1359/1357 513/1367/1365 508/1368/1366
f 508/1368/1366 513/1367/1365 512/1369/1367
f 508/1368/1366 512/1369/1367 511/1370/1368
f 510/1371/1369 509/1372/1370 511/1370/1368
f 511/1370/1368 509/1372/1370 508/1368/1366
f 570/1230/1228 569/1373/1371 658/1228/1226
f 658/1228/1226 569/1373/1371 656/1374/1372
f 656/1374/1372 569/1373/1371 599/1375/1373
f 656/1374/1372 599/1375/1373 603/1376/1374
f 603/1376/1374 602/1377/1375 656/1374/1372
f 656/1374/1372 602/1377/1375 609/1378/1376
f 609/1378/1376 602/1377/1375 601/1379/1377
f 609/1378/1376 601/1379/1377 610/1380/1378
f 610/1380/1378 601/1379/1377 607/1381/1379
f 610/1380/1378 607/1381/1379 611/1382/1380
f 611/1382/1380 607/1381/1379 612/1383/1381
f 612/1383/1381 607/1381/1379 624/1384/1382
f 612/1383/1381 624/1384/1382 623/1385/1383
f 612/1383/1381 623/1385/1383 613/1386/1384
f 613/1386/1384 623/1385/1383 622/1387/1385
f 613/1386/1384 622/1387/1385 614/1388/1386
f 614/1388/1386 622/1387/1385 621/1389/1387
f 614/1388/1386 621/1389/1387 620/1390/1388
f 614/1388/1386 620/1390/1388 615/1391/1389
f 615/1391/1389 620/1390/1388 619/1392/1390
f 615/1391/1389 619/1392/1390 616/1393/1391
f 616/1393/1391 619/1392/1390 617/1394/1392
f 617/1394/1392 619/1392/1390 618/1395/1393
# 673 vertices
# 1395 texture params
# 1393 normals
# 1346 facets

# 1 groups
